filename,extracted_text
dietgo.kitchen_1723867185_3436369471959554349_30356002527.jpg," 
"
dietgo.kitchen_1722402250_3424080705677159015_30356002527.jpg,"#APAKATAMEREKA

“Pesanan pertama..rasa enak
harga pas dikantong. Packing
rapi.. langganan pokoknya!”

H*****K | Purchased on Shopeefood

1000 8.8 “Bagus, memuaskan. Makanan
enak & fresh! Porsi ngarepnya
dibanyakin hihi. Makasih!

SALMA | Purchased on Grabfood

kKkkkk

“Enak semuanya.. recommended
apalagi buat yang lagi program
sehat, bakal jadi langganan nih!”

NUGRAHA | Purchased on Gofood

kk kkk

“Sudah kesekian kali beli lagi
di Dietgo, selalu enak dan tidak
mengecewakan! Goodjob Dietgo!”

FIKRI | Purchased on Shopeefood

2 0 oe

 
"
dietgo.kitchen_1722402250_3424080705601646250_30356002527.jpg,"DIEGGO

JULY'S REVIEW
IN COMMENTS!

“Semoga diskon tiap hari biar
bisa makan diet tiap hari juga
NAW ems }st- k= 18 lc1.a

RYAYU | Purchased on Shopeefood

) oOo es

 
"
dietgo.kitchen_1721719814_3418356024382694865_30356002527.jpg,"DIEGGO

BROWN RICE.

    
 

POTATOES.

GRIILLED CHICKEN.
"
dietgo.kitchen_1721895167_3419826985116207440_30356002527.jpg,"DIEGGO

   

 

@gofood  GraoFood {1 shopeeFood nia ai
"
dietgo.kitchen_1721623637_3417549227510051040_30356002527.jpg," 

 

 

 

 
"
dietgo.kitchen_1721623637_3417549227585550172_30356002527.jpg," 

 

Ris Sunday!

FIND US!
28 July 2024

DATE & TIME

Sunday, 28 July 2024 | 07.00-09.00

VENUE
Gor Tridaya Cakti | JI. Cikuray, Kota Bandung

 

Dietgo will be present at the Pound Fitness event by
Pound van Java. See you there everyone!

 
"
dietgo.kitchen_1721372610_3415443465828727621_30356002527.jpg,"Now Available!

SURABAYA

SINCE 19 JULY 2024

KLAMPIS

Jl. Klampis Anom | No.32

TEGALSARI

 

 

Jl. Kedondong No.25

Foodurama is now available in Dietgo’s Surabaya Outlet.
This collaboration will be up there since 19 July 2024.
"
dietgo.kitchen_1721372610_3415443465828623980_30356002527.jpg," 
"
dietgo.kitchen_1721372610_3415443465828646129_30356002527.jpg,"D)(=\exeTe@,
<FOODURAMA

 
"
dietgo.kitchen_1721126213_3413376536750139374_30356002527.jpg," 

 

BS Ae
|

Leal

 

 

 
"
dietgo.kitchen_1720767871_3410370542541490705_30356002527.jpg,"    

KENAPA
open mat
"
dietgo.kitchen_1720411631_3407382183754051066_30356002527.jpg,"DIECGO

 

HAPPY ISLAMIC NEW YEAR 1446H
"
dietgo.kitchen_1720678655_3409622148811245608_30356002527.jpg,"Py =leke revue

Cys YOUR Sa es oO;

    

 

 

 

 

 
"
dietgo.kitchen_1720168121_3405339477619995176_30356002527.jpg," 

a t | 6
HITUNG IMT KAMU! ka
APAKAH KAMU MASUK KE DALA
KATEGORI OBESITAS? —

4 oe mo

   
"
dietgo.kitchen_1719992987_3403870349595934321_30356002527.jpg,"DIEGGO #APAKATAMEREKA?

APA IYA
SEENAK ITU?

“Best bangeet ini tempat buat
kita yang lagi jaga pola makan.
10000% WORTH ITTTT”

RIZKI| Purchased on Gofood

bo ee @ 4

 
"
dietgo.kitchen_1720168121_3405339477578015639_30356002527.jpg,"Kurus: 17-1
PE Moi ,
Gemuk: >25-27
Obesitas: >27

een E nce So a eee)

 

#EduGo

 
"
dietgo.kitchen_1719738217_3401733183197529756_30356002527.jpg,"SMOKED BEEF | 100%

COMPLETED

MASHED

 

POTATOES

 

LOADING

MASHED POTATOES | 75% weer?
"
dietgo.kitchen_1719576641_3400377783214694635_30356002527.jpg,"taste

low calorie drink of
a

 

 

DIEEGO
"
dietgo.kitchen_1719373467_3398673440476326224_30356002527.jpg,"me aya

   

Sei Sapi,
Brown Rice,
& Vegetables

CONTACT US FOR MORE INFO A VISIT OUR WEBSITE
i) 0823-2408-7761 Dié iT GO www.dietgo.co.id
"
dietgo.kitchen_1719460844_3399406404638231778_30356002527.jpg,"DIEGGO

      
 

START FROM 242K
NOA OL LI dIHS 4M
"
dietgo.kitchen_1719209579_3397298643439810239_30356002527.jpg," 
"
dietgo.kitchen_1718949460_3395116611771076172_30356002527.jpg," 

DIEGGO
"
dietgo.kitchen_1718694463_3392977540680610952_30356002527.jpg,"A

 

 

 

 

 
"
dietgo.kitchen_1718003200_3387178799797346104_30356002527.jpg,"DIECGO LOW CALORIE

COFFEE
an
Cp)
TaN
O
U
Cp)
J
Cp)
= errs
ae) errs
re rxxy)
> Perry
za ecco
Th
Ww
>
wn
m
Oo

 

CONTACT US FOR MORE INFO VISIT OUR WEBSITE Obs
0823-2408-7761 www.dietgo.co.id

@ gofood GraoFood ¥¢ satel ges
"
dietgo.kitchen_1717753164_3385081352627242511_30356002527.jpg,"taste

that take you to

 

DIEGGO
"
dietgo.kitchen_1717223388_3380637269854840639_30356002527.jpg," 
"
dietgo.kitchen_1716956114_3378395211052255448_30356002527.jpg," 

 

DiEG GO

 

ZERO CALORIE TEA
eA)

 

 

 
"
dietgo.kitchen_1716438309_3374051550160014084_30356002527.jpg," 

 
"
dietgo.kitchen_1716264624_3372594568412651554_30356002527.jpg," 

Important Announcement

Dear Customers,

We inform that due to the technical
problem, our phone number has been
changed to 0823-2408-7761.

All activities related to Dietgo such as
complaints, subscription orders, etc.
are carried out on that number.

We appreciate your understanding.

DIECGO

 
"
dietgo.kitchen_1715225045_3363873953057059407_30356002527.jpg,"— DIEGGO BN
HAPPY =
ASCENCION DAY

J THE RISEN CHRIST

 
"
dietgo.kitchen_1715825381_3368909932864122980_30356002527.jpg,"DIEE GC

12.30 equ»

ORDER LUNCH

—_—_—

 

| GraoFood @ gofood (1) shopeeFood

 

 
"
mrs.ghea_1715002048_3362003312173494637_48291445.jpg," 
"
mrs.ghea_1715002048_3362003312383213741_48291445.jpg," 
"
dietgo.kitchen_1714898916_3361138183904885917_30356002527.jpg," 
"
dietgo.kitchen_1714898916_3361138183904828667_30356002527.jpg," 
"
dietgo.kitchen_1714898916_3361138183946861959_30356002527.jpg,"senjangan kualitas fisik

ain diaspora. Dalam .

i sehat pemain lokal haru
sncapai kualitas yang sa

 
"
dietgo.kitchen_1714898916_3361138183904905834_30356002527.jpg,"DIEEGO

  

-BURUKNYA YEW YPN AN
©PEMAINTIMNAS! | ae

 

Dalam beberapa kesempatan, para pemain timnas diketah ra
mencuri kesempatan untuk “membandel” dengan memakan.makan
yang dilarang staf gizi timnas Indonesia. Sejak inilah, pola makan timnas
berubah secara drastis dan tidak menoleransi kenakalan para pemain. —
"
dietgo.kitchen_1714709744_3359551295460979360_30356002527.jpg,"BE

HADIRIN JAMAAH
Foye ROUEN
YANG TIDAK
BERBAHAGIA?

KALAH?
"
dietgo.kitchen_1714115248_3354564296844895415_30356002527.jpg,"22,18 PA Royst 49,78

iS

21,81

eye)

RYoHeoy|

Car

 
"
dietgo.kitchen_1714709744_3359551295444019734_30356002527.jpg,"Pp) [-leicre)

a a

\DENGAN’

RENDANG
eee VTY

60% OFF ORDER IN SHOPEEFOOD!
"
dietgo.kitchen_1713851927_3352355403905389165_30356002527.jpg," 
"
dietgo.kitchen_1713851927_3352355403897228008_30356002527.jpg," 

DIEGGO
"
dietgo.kitchen_1713674371_3350865955485122887_30356002527.jpg,"DIEGO

 
"
dietgo.kitchen_1713325327_3347937960130781050_30356002527.jpg," 
"
dietgo.kitchen_1712884302_3344238371848134005_30356002527.jpg,"ny cricre)

 

ran ai JOINT pote
"
dietgo.kitchen_1712716338_3342829387113584369_30356002527.jpg,"DIEGGO

 

1445 AL-H\R

MAY ALLAH BE PLEASED WITH ALL OF US!
"
dietgo.kitchen_1712660341_3342359651061902391_30356002527.jpg,"* nice

 

 

< ARSIP STORY
"
dietgo.kitchen_1712301818_3339352148011129349_30356002527.jpg,"GSS atcey Vou
TETAP FRESH!

 
"
dietgo.kitchen_1712301818_3339352148011123225_30356002527.jpg," 
"
dietgo.kitchen_1712301818_3339352148103581245_30356002527.jpg,"    
         

   
 

  

Mg ISTIRAHAT. SLC 2!
| ell C13 The > |
; a1 HEAT Le fe pasti aed rac ‘i : :

CN Laae berjam-jam. Ambil istirahat
ls demi OR dan REET uy g
bs ""

 

 
"
dietgo.kitchen_1712301818_3339352148011190300_30356002527.jpg,"ti perjalanan kamu di
-momen unik da

 
"
dietgo.kitchen_1712301818_3339352148011371888_30356002527.jpg," 

 
"
dietgo.kitchen_1712039574_3337152286473647045_30356002527.jpg," 
"
dietgo.kitchen_1712039574_3337152286473802007_30356002527.jpg," 
"
dietgo.kitchen_1712039574_3337152286574436946_30356002527.jpg,"DIEEGO

SPOT THE DIFFERENCES!

SLIDE>
"
dietgo.kitchen_1711692787_3334243220021678112_30356002527.jpg," 
"
dietgo.kitchen_1712039574_3337152286473652088_30356002527.jpg," 
"
dietgo.kitchen_1711519082_3332786076885949380_30356002527.jpg,"JAPANESE GYUDON WITH BROWN RICE

 
"
dietgo.kitchen_1711359225_3331445104220807376_30356002527.jpg," 

 

 

 

 

earces ry hea ae

 

we
"
dietgo.kitchen_1710914111_3327711214102252291_30356002527.jpg," 

www.dietgo.co.id
"
dietgo.kitchen_1710571684_3324838732307412503_30356002527.jpg,"DIEGGO

 

DIET TIPS IN

 

THE MONTH OF RAMADAN
"
dietgo.kitchen_1710571684_3324838732307405308_30356002527.jpg,"DIEGGO

CUKUPI KEBUTUHAN AIR

Tips diet saat puasa yang pertama adalah dengan memenuhi kebutuhan
cairan dalam tubuhmu selama berpuasa dengan minum air putih
setidaknya 8 gelas per hari.

 

 

 
"
dietgo.kitchen_1710571684_3324838732315815950_30356002527.jpg,"DIEEGO

TETAP BEROLAHRAGA

Puasa bukan alasan untuk kamu bermalas-malasan. Kamu tetap harus
menyisihkan waktu untuk berolahraga guna membakar lemak dan kalori
yang masuk ke dalam tubuh. Kamu bisa berolahraga di waktu-waktu
menielpa buka puasa seperti pukul 4 atau 5 sore.

 
"
dietgo.kitchen_1710571684_3324838732315926061_30356002527.jpg,"DIEGGO

CUKUPI KEBUTUHAN TIDUR

Jika kamu ingin menurunkan berat badan saat puasa, kamu perlu mencukup!

waktu tidur yang diperlukan tubuhmu. Pasalnya, bangun waktu sahur

di saat puasa bisa mengacaukan sistem metabolisme kamu jika kamu tidak
mengatur waktu tidur.

  
  
   
"
dietgo.kitchen_1710571684_3324838732307381523_30356002527.jpg,"  
      

meng dung serat
dibanding makanan berkalori ting@i, Ini yr mbantu kamu
sa. D enyediakan
"
dietgo.kitchen_1710314543_3322681677954132419_30356002527.jpg,"oe se

   

(Doctos Coenen : a

wtar PT

i= Tel6) ¢ YOUR SUBSCRIPTION NOW TO GET OUR 1 SoH seals
ee a ee ele

 

CONTACT US FOR MORE INFO VISIT OUR WEBSITE cee
082115304991 www.dietgo.co.id
"
dietgo.kitchen_1710136633_3321189255386306459_30356002527.jpg,"DIEGGO

HAPPYNYEPI ~ -. ~

BALI'S DAY OF SILENCE ~~

 
"
dietgo.kitchen_1709625265_3316899593079548436_30356002527.jpg,"DIEGGO

WE'RE HIRING

POSISI
Kitchen Staff

LOKASI
Jakarta, Surabaya, dan Yogyakarta

KUALIFIKASI

Pendidikan terakhir minimal SMK,
SMA/Sederajat

Fresh Graduate, memiliki pengalaman
lebih diminimati

Bertanggung jawab, jujur, dan
amanah

Berdomisili di Jakarta, Yogyakarta,
dan Surabaya diutamakan

Memiliki komunikasi yang baik

Bersedia bekerja shifting

APPLY AT
bit.ly/KitchenStaffDietgo

 
"
dietgo.kitchen_1709269348_3313913942621213399_30356002527.jpg,"DIEGGO

 

SLIDE>
"
dietgo.kitchen_1709269348_3313913942604266670_30356002527.jpg,"DIECGO

 

SLIDES
"
dietgo.kitchen_1709269348_3313913942604491332_30356002527.jpg,"el

EVERYTHING NOW

 

IS MARCHED. PAY

 

PN d= SWB LO] es EP)
WATCH OUT FOR
SOMETHING BIG
IN YOUR LIFE!

CH

 
"
dietgo.kitchen_1709269348_3313913942612806310_30356002527.jpg,"DIEGGO

 

SLIDE>
"
dietgo.kitchen_1709269348_3313913942612715403_30356002527.jpg,"HAPPY
MARCH
"
dietgo.kitchen_1709099910_3312492594732534908_30356002527.jpg,"DiIEGGO

HOW'S YOUR RESOLUTION
IN FEBRUARY?

 
"
dietgo.kitchen_1708843735_3310343645200452791_30356002527.jpg,"DIECGO

 

 

fell SE ak S D ae [BZ

 

 

 

 

 

 

 

 

 

 

 

 

 

 

 

 

 

 

 
"
dietgo.kitchen_1708843735_3310343645200468501_30356002527.jpg,"Seeeeee

‘ per G0. cA

 

 

 

 

 

DIEGGO

 

      

  

  

AND Inyeen {BOW

 

 

 

 

    

 

1h

 

Oil

 

 

 

 

 

 

 

SAUDI ARABIA

 

 

 
"
dietgo.kitchen_1708843735_3310343645200546512_30356002527.jpg,"DIEGGO

 

 

 

 

 

 

 

 

 

 

 

 

 

 

 

 

 
"
dietgo.kitchen_1708843735_3310343645209006619_30356002527.jpg,"TCHEN

cr)
a aa

 
"
dietgo.kitchen_1708843735_3310343645209027052_30356002527.jpg,"   
   
   
 

DIEGGO

yy ors @

 

 

 

 

 

 

 

 

 

 

 

 

 

 

ADUR moe
ICELAND

 
"
dietgo.kitchen_1708684309_3309006278568989174_30356002527.jpg," 
"
dietgo.kitchen_1708328980_3306025563120251649_30356002527.jpg,"   
      

Enakkk ga ky mknan diet..

Ordered: Grilled Chicken with Potatoes

 
  
 

eddrick s.
12 Reviews

makanannya enak

Ordered: Grilled Chicken with Potatoes, Sei Ayam with
Potatoes
"
dietgo.kitchen_1708328980_3306025563120232407_30356002527.jpg,"DIEGGO

APA KATA MEREKA?

CONSUMER REVIEW

SJLIDIE>
"
dietgo.kitchen_1708328980_3306025563120225056_30356002527.jpg," 
 
 
     
    
    
           

Arfianto W.
17 Reviews

Super duper terbaik memang sei sapi nya

Ordered: Sei Sapi with Potatoes x2, Sei Sapi Sambal Luat with
Potatoes x2

 
 
 

deisy
32 Reviews

enakkk smpai pesanan terus

Ordered: Sei Sapi Sambal Luat with Potatoes, Grilled Chicken
with Potatoes, Sei Sapi with Potatoes

    
"
dietgo.kitchen_1708328980_3306025563120404596_30356002527.jpg,"Alexa A.
7 Reviews

Enak banget seinyaa apalagi ayam penyet sama
sambel

Ordered: Ayam Penyet with Brown Rice, Sei Sapi Sar
with Brown Rice

{

 

 

 

 

hani d.
44 Reviews

kok diet bisa seenak ini:”

 
 
   
   

Ordered: Ayam Penyet with Brown Rice
"
dietgo.kitchen_1708073960_3303886299041406441_30356002527.jpg," 
"
dietgo.kitchen_1707900744_3302433263412700384_30356002527.jpg,") DIEGGO

BUY 1GET 1 7EASERIES

 
    

AT DIETGO OUTLET PAHLAWAN
ONLY BY SHOWING YOUR FINGER
"
dietgo.kitchen_1707543963_3299440368275675108_30356002527.jpg," 
"
dietgo.kitchen_1707292828_3297333690826704834_30356002527.jpg," 

 

HAVE A LONG WEEKEND!

 

START

 

 

n=) Nor @lreh1-7 nN al

 

 
"
dietgo.kitchen_1707035559_3295175562496320257_30356002527.jpg,"DO NOT FORGET!

WATCHING DEBATE
& EATING DIETGO!

 
"
dietgo.kitchen_1707035559_3295175562479602055_30356002527.jpg,"__ DIETGO ENCOURAGE YOU TO WATCH:

 

 

07.00 veces INDONESIAN TIME | LIVE ON SELECTED NATIONAL TELEVISION STATIONS
"
dietgo.kitchen_1706694813_3292317180156476634_30356002527.jpg,"uy
5

ag

 
"
dietgo.kitchen_1706583649_3291384668634823251_30356002527.jpg,"   

GET TEA SERIES FOR FR

 

ICE RASPBERRY TEA ICE APPLE TEA

 
"
dietgo.kitchen_1706256171_3288637580901813541_30356002527.jpg," 

UY,
YRYYYY

ROASTED
CHICKEN

Roasted chicken is chicken
prepared as food by roasting
whether in a home kitchen,
over a fire, or with a rotisserie
(rotary spit). Generally, the
chicken is roasted with its own
fat and juices by circulating
the meat during roasting, and
therefore, are usually cooked
exposed to fire or heat with
some type of rotary grill so that
the circulation of these fats and
juices is as efficient as
possible.

PAD ARA
PPPRALRA
"
dietgo.kitchen_1705910720_3285739731780267525_30356002527.jpg,"DIEGGO

 

#EduGo swipe >
"
dietgo.kitchen_1705910720_3285739731771794887_30356002527.jpg,"DIEEGO

APAKAH(ULG\U Belt
YANG DIKONSUMSI
ADALAH IKAN DORI

#EduGo

 

swipe >
"
dietgo.kitchen_1705910720_3285739731771852462_30356002527.jpg,"DIEGGO

KESALAHPAHAMAN

Terdapat beberapa keunikan, yang menjadi kesalahpahaman,
yang sudah telanjur tersebar di masyarakat tentang ikan dori.
Pertama, banyak dari kita yang pasti mengira bahwa ikan dori
adalah daging dari ikan jenis blue tang yang muncul di film
“Finding Nemo”. Padahal, “ikan dori” sebenarnya adalah merk
dagang produsen ikan yang sering dikonsumsi oleh masyarakat.
Kedua, ikan dori dalam film “Finding Nemo” tidak dapat
dikonsumsi karena mengandung zat-zat yang berbahaya bagi
tubuh bila dikonsumsi. Ketiga, jenis ikan yang selama ini kita
kenal dan dipasarkan secara lokal sebagai ikan dori sebenarnya
adalah ikan dori patin atau ikan patin , yang nilai gizinya
sangat tinggi, aman untuk dikonsumsi, dan memiliki cita rasa
yang lezat.

#EduGo swipe >
"
dietgo.kitchen_1705910720_3285739731771787899_30356002527.jpg,"DIEGGO

MANFAAT

Ikan “dori” patin merupakan sumber nutrisi yang baik dengan
kandungan yang beragam. Ikan ini kaya akan protein, nutrisi
esensial yang diperlukan untuk pertumbuhan, dan
pemeliharaan jaringan tubuh, termasuk otot dan kulit. Selain
itu, ikan dori patin juga mengandung asam lemak omega-3,
yang terkenal baik untuk kesehatan jantung dan sistem saraf.
Vitamin B12 yang terdapat dalam ikan ini berperan penting
dalam pembentukan sel darah merah dan fungsi sistem saraf.
Kandungan mineral seperti selenium dan fosfor dalam ikan dori
patin mendukung kesehatan sel, sistem kekebalan tubuh, serta
tulang dan gigi. Ikan ini juga bisa menyediakan vitamin D, yang
penting untuk penyerapan kalsium dan kesehatan tulang secara
keseluruhan.

#EduGo swipe >
"
dietgo.kitchen_1705910720_3285739731763341216_30356002527.jpg,"DIEGGO

BERMANFAAT?

Jangan lupa LIKE, SAVE,
dan SHARE unggahan ini ya!

LIKE dan SHARE SAVE untuk
jika kamu suka lihat lagi nanti
"
dietgo.kitchen_1705300519_3280620996174231096_30356002527.jpg," 
"
dietgo.kitchen_1705387994_3281354788300016202_30356002527.jpg," 

DIETEO.CO.Oy

SHOP FROM OUR WEBSITE

Ee V7—nO

Featured products

FAVORITES TOP RATED MUSTTRY

  

GRILLED CHICKEN SEI SAPI AYAM PENYET
with BROWN RICE with LEMONILO with BROWN RICE

Grilled Chicken with Brown RicesMi Sei Sapi with Lemonilo, Mix Vegetables, and Ayam Penyet with Brown Rice, Mix Vegetables,
Vegetables, and Spe Dietgo’s Special Sambal and Dietgo's Special ~~

       
   
"
mutiaracikutra_1705578846_3282955771913893062_3040123217.jpg," 

IV EAM
i) /) aD C7 ©) VU) V/. J
ws Spesial\ Hari) Gizi|Nasiongy

ea

: jEbAe
MENS Di 2 S
Ada berapa jumiah DEVE. > 4 PKMC

      
  
     
 
   

buah dalam jalur

 

 

— ke FINISH
I y
Jn j
2'Saldo!
START , Digital
, Worth
s 600K ++
@
g \
[ . ""FINISH

Cara menang baca caption
"
dietgo.kitchen_1705211478_3279874060215329738_30356002527.jpg,"#MITOS

Olahraga setiap hari tidak pasti
menurunkan berat badan, sebab:

  
  
   
   
  
  
  
 
  

%@ Manusia membutuhkan Rest Day setidaknya sé!
seminggu. Organ-organ tubuh yang membakar le
menumbuhkan otot baru hanya akan bekerja s
ketika tubuh dalam kondisi rileks dan beristira

@ Asupan kalori sangat penting ketika hendak me
secara rutin dan terjadwal. Ketika tubuh didoro
secara maksimal, maka asupan kalori perlu dipe
tidak terjadi surplus kalori yang menyebabkan |

® Perhatikan waktu tidur karena dalam jurt
Medicine, kurang tidur selar
meningkatkan berat ba
terus-menerus.

#mitosataufakta
"
dietgo.kitchen_1705211478_3279874060215279400_30356002527.jpg,"1
DIEGGO

   
   

#MITOSATAUFAKTA

OLAHRAGA SETIAP HARI
PASTI MENURUNKAN
BERAT BADAN?

 

#mitosataufa kta
"
dietgo.kitchen_1704954743_3277720416703422365_30356002527.jpg,"DIé«’GO 8

WEIGHTLIFTING

Untuk weight lifting atau angkat beban sendiri merupakan
olahraga yang lebih fokus pada aktivitas mengangkat beban.
Tentu saja, tujuan dari olahraga ini sendiri lebih berfokus
untuk membentuk massa otot seseorang. Olahraga ini identik
dengan alat-alat kebugaran seperti barbel yang ada di gym.

 
"
dietgo.kitchen_1704954743_3277720416694863939_30356002527.jpg,"DIETS

CARDIO vs

WEIGHT-LIFTING

 
"
dietgo.kitchen_1704954743_3277720416686621329_30356002527.jpg,"Diét’GO Oo

CARDIO

Cardio adalah bentuk aktivitas tubuh dan dapat dilakukan
dalam bentuk aerobik. Cardio sendiri adalah aktivitas olahraga
untuk meningkatkan detak dan kesehatan jantung seseorang.
Salah satu yang dapat dilakukan dalam kardio adalah seperti
senam, bersepeda, jogging atau berlari.

 
"
dietgo.kitchen_1704954743_3277720416703281951_30356002527.jpg,"DIEGO 8

MANFAAT

Selain menyehatkan detak jantung dan paru-paru, cardio
dapat meningkatkan sirkulasi darah, mengurangi stress,
menaikkan stamina, dan mengurangi massa lemak yang ada.
Kekurangannya, cardio dapat membakar massa otot.

Sedangkan weight-lifting mampu menaikkan massa otot,
melindungi kesehatan tulang dan otot, melatih koordinasi
tubuh, dan menjaga keseimbangan berat badan.
Kekurangannya, weight-lifting tidak menambah stamina

tubuh dalam artian endurance.

 
"
dietgo.kitchen_1704954743_3277720416694982030_30356002527.jpg,"DiétGO 4)

BERMANFAAT?

Jangan lupa LIKE, SAVE,
dan SHARE unggahan ini ya!

LIKE dan SHARE SAVE untuk
jika kamu suka lihat lagi nanti
"
dietgo.kitchen_1704777786_3276235993034132911_30356002527.jpg,"AYAM PENYET WITH BROWN RICE

Ayam Penyet is an Indonesian dish. It is liked by almost all groups and
suits the Indonesian palate. The history of Ayam Penyet was originally
from Ayam Bakar Wong Solo, but it became more famous when Surabaya
people sold it under the name ‘Ayam Penyet Surabaya.’

 
"
dietgo.kitchen_1704444624_3273441222213255086_30356002527.jpg,"DIEGGO

ALA CARTE
IS COMING SOON!

an
a

  
"
dietgo.kitchen_1704344074_3272597749021129911_30356002527.jpg,"DIEEGO

DRAMA PERSELINGKUHAN
PILOT-PRAMUGARI TERNYATA
MELIBATKAN DIETGO KITCHEN!

SLIDE>>
"
dietgo.kitchen_1704605501_3274790754624845589_30356002527.jpg," 
"
dietgo.kitchen_1704344074_3272597748962430372_30356002527.jpg,"OE Vitst-eii tl
Hahahaha

 

  
"
dietgo.kitchen_1704344074_3272597748979277602_30356002527.jpg,"te

aF-Vare}

ey:

iddy

Os ela

lachocolatte

 

Sayang aku ga nemu DIETGO kita
Kamu simpen dimana
PN ePa ela e

AP =e MRP ere ere Tt}
aR ota eset BT]

lachocolatte 11/30/2023 10:27 AM
Oh dah kamu masukin?

Blam A peek Ere ath
Coba cek

lachocolatte 11/30/2023 10:27 am
Nyar deh aku cek
"
dietgo.kitchen_1704170780_3271144056052534456_30356002527.jpg,"Let's start 2024 with style,
are you in?

 
"
dietgo.kitchen_1704344074_3272597748945775282_30356002527.jpg,"Rent
Aku baru kelar nih

lachocolatte
Pappp

“I © STL

 

 
"
dietgo.kitchen_1704079552_3270378774694701882_30356002527.jpg," 

 

NEW YEAR 2024

 

Selama tahun baru 2024! Semoga tahun ini dipenuhi dengan petualangan, tawa,
dan momen-momen keberhasilan. Jangan lupa untuk selalu bersyukur atas apa yang
telah dan akan terjadi setiap harinya. Once again, Happy New Year!

 

 
"
dietgo.kitchen_1703742355_3267550166183644000_30356002527.jpg,"dicseo Dietgo Kitchen - PVJ
Jl. Sukajadi No.131-139, Cipedes, Kec. Sukajadi, Kota Bandung, Jawa Barat 40162
Available For Pickup . Delivery

Delivery

DIETGOGYM
15% discount on all items

Experience Dietge Kitchen

EATING WELL
LIVING BETTER

Embrace a healthier, more fulfilling life by prioritizing nutritious
eating as the key to living better.

eG» OUTLETS LOCATION

15% DISCOUNT

ON ALL ITEMS
FOR A GYM MEMBER

ORDER VIA WEBSHOP: DIETGO.CO.ID

DISCOUNT IS ONLY APPLIED
FOR DINE-IN ORDER
AT PARIS VAN JAVA

SL-09A3,
NEAR CELEBRITY FITNESS

 
"
dietgo.kitchen_1703661561_3266872417660126945_30356002527.jpg," 
"
dietgo.kitchen_1703583051_3266213828347946133_30356002527.jpg," 

 

@dietgo.kitchen

  
"
dietgo.kitchen_1703473321_3265293344865367795_30356002527.jpg,"DIEEGO

CAristmas

SPECIAL
PROMO

BIG SALE FOR YOUR HOLIDAY

    
"
dietgo.kitchen_1703473321_3265293344932601808_30356002527.jpg,"DIEEGO
CAristmas

SPECIAL
PROMO

FREE ONGKIR

FOR SUBSCRIPTION PACKAGE

BULKING NORMAL CUTTING
PACKAGE PACKAGE PACKAGE

*terms and condition applied

 
"
dietgo.kitchen_1703223618_3263198685431177342_30356002527.jpg," 

 

HARLIBU,NASJONAL

 

Selamat Hari Ibu untuk sosok luar biasa yang selalu memberikan cinta tulus dan
kehangatan. Terima kasih atas kasih sayang tak terhingga, dedikasi, dan kekuatanmu.
Semoga hari ini menjadi hari yang spesial untukmu. I love you, Ibu.

 

 
"
dietgo.kitchen_1703138998_3262488836414311073_30356002527.jpg," 

ORDER VIAWEBSHOP |

 

dicseo Dietgo Kitchen - PVJ
Jl. Sukajadi No.131-139, Cipedes, Kec. Sukajadi, Kota Bandung, Jawa Barat 40162
Available For Pickup. Delivery

=B _CODeilivery 2

DIETGOGYM
15% discount on all items

Healthy Sei Rice Bowl Series HQ

Healthy Chicken © 12:00am - 11:59pm

  

a Roasted Chickhen with Brown Rice

Olahan ayam yang melalui proses pemanggangan, di padu
padankan dengan saus BBQ , Brown Rice, dan sayuran...

Rp35.000 o

 

 
"
dietgo.kitchen_1703055130_3261785305998757985_30356002527.jpg,"es
Pe ASST Thg

3
c—}
uw
g
LTT
a
a

cs

 
"
dietgo.kitchen_1702977711_3261135869178190001_30356002527.jpg,"CHICKEN STEAK

 

DIEEGO
"
dietgo.kitchen_1702977711_3261135869169736322_30356002527.jpg,"CHICKEN STEAK

 

DIEEGO
"
dietgo.kitchen_1702789767_3259559275493854297_30356002527.jpg,"DIEGGO

 

 

Available for Online & Dine-In
"
dietgo.kitchen_1702019441_3253097314098913899_30356002527.jpg,"DIEGGO

Dietgo’s Sauce

Boiled Egg

Grilled Chicken

   

 

GRILLED CHICKEN,ROTATOES? ‘titi,

}
"
dietgo.kitchen_1701843195_3251618857020101270_30356002527.jpg,"DIEGGO

fe fo} celete,

PAYDAY

 

Dietgo, Healthy Diet
Sehat, Seti

 

Diskon 40% up to 15rb
minimum order 30rb
& Gratis Ongkir

 

Term & Condition Berlaku

 
"
dietgo.kitchen_1701930533_3252351496769364203_30356002527.jpg,"DIECGO

L-foliclay

BULKING
PACKAGE

BALANCE YOUR FAT MASS ON HOLIDAY

 
    

Order by cliking link on Bio

 
"
dietgo.kitchen_1701759219_3250914416935757818_30356002527.jpg,"DIEGGO

6
(a

<ELAPA GADING OUTLET

IS UNDER
MAINTENANCE —_

Outlet akan tutup sementara sampai dengan tanggal 7 Desember 2023.
Pembukaan lebih cepat akan diumumkan kembali.
Pemesanan sementara dapat dilakukan pada outlet berikut:

 

ye ETA RAWAMANGUN

Jl. Salemba Tengah No. 46, Jl. Waru 16-1, RT2 RW8,
Kec. Senen, Kota Jakarta Pusat Kec. Pulo Gadung, Jakarta Timur
"
dietgo.kitchen_1701678260_3250235284929364055_30356002527.jpg,"DIEGGO

 

Available for Online Order Only | @ gefeod |

 
"
dietgo.kitchen_1701584585_3249449481009500093_30356002527.jpg,"DIEGGO

Love What You Do

Hal yang paling sulit dale
memulai. Maka, cintailah dul

Invite Friends and Mentors
Ajak teman kamu yang menyukai fitness dan
agar tidak membuat kamu merasa sendiri da

Remember Your Goals
Di saat sulit memulai, ingatlah mimpi dan impian kar
yang ingin sekali kamu capai!

Be Disciplined
Motivasi bisa naik bisa pula turun, namun sikap disiplin
kamulah yang membuat kamu tetap melangkah maju.

#EduGo

 
"
dietgo.kitchen_1701584585_3249449481017899453_30356002527.jpg,"    

rT ym ie no
HITTING GYM
FOR THE FIRST TIME

 
"
dietgo.kitchen_1701412589_3248006668124162470_30356002527.jpg," 

 

Dietgo Kitchen
@dietgo.kitchen

[Notes and Wishes]

Dear December, please just be nice to me. Semoga

kekuatan untuk menghindari godaan makanan tinggi f
kalori muncul dengan penuh. Aku gak mau yang Ny ~w

 

aneh-aneh, cukup jadi bulan penutup yang baik ya:)

:

4.3 M Retweets 1.2 M Quote Tweets 19.2 M Likes
ha TS ai

 

eee

 
"
dietgo.kitchen_1701324138_3247264690386461890_30356002527.jpg,"DIEGGO

 

Last day of November,
how was it going?

ese
"
dietgo.kitchen_1701241553_3246571913470212512_30356002527.jpg,"DIEEGO

OU SUL Sb SE

   

¢ wn 4 ,
a2 “ yi As S$ ‘ &
ae
Protein Carbs Vegetables Sauce

  

 

Tulis di kolom komentar ya!
"
dietgo.kitchen_1700892489_3243643758296063438_30356002527.jpg,"OFFICIAL ANNOUNCEMENT

DIEGGO
X
SL

 

is now available in outlet Kuningan!
"
dietgo.kitchen_1701143050_3245745618452720890_30356002527.jpg,"   
    

fg
:
¢ a
. h
. -
‘ PST « i ie
= p Hes i.
Bol
>
og”
« >
- ¥ 2
qo ue:
i Re at
ee WRAPS - JAPANESE GYUDON
| Bio) oui enc) 7 -
| \ DIETGO KITCHEN
KOTA BANDUNG

 

-
m7
-

PASAR kK
JAWA BERATE

JALAN PAHLAWAN NO.70

       
"
dietgo.kitchen_1700892489_3243643758254083553_30356002527.jpg,"DIEGGO

 

‘ ry
ae yA

|<
"
dietgo.kitchen_1700892489_3243643758237278550_30356002527.jpg,"DIEGGO

 

PLANT-BASED

with Broness |
"
dietgo.kitchen_1700722760_3242219963836323843_30356002527.jpg,"DIEEGO

NIKMATIES KOPI

SEGAR DAN RENDAH KALORI

    

ES KOPI SUSU PLANT-BASED
140 kcal

  
 
  

ES KOPI SUSU SKIM
96.41 Kcal

ICE AMERICANO
3.24 Kcal

ICE LATTE SKIM
39.24 Kal

ICE WHEY LATTE
140 kcal

  
 
    
 
    
 
    
"
dietgo.kitchen_1700804331_3242904234041457677_30356002527.jpg,"DIEGGO

AYAM BAKAR

 
"
dietgo.kitchen_1700631257_3241452386667361779_30356002527.jpg,"Py {-{rKexe) GraoFood

Puas Gagan
MENU PILIHAN

(>

mE oat 0 4

  
 

 

 
"
dietgo.kitchen_1700544577_3240725262117597515_30356002527.jpg,"DIEGGO

 

#mitosataufakta swipe >
"
dietgo.kitchen_1700544577_3240725262117612641_30356002527.jpg,"DIEGGO

WORTEL MEMBANTU

MENYEHATKAN MATA?

#mitosataufakta

 

swipe >
"
dietgo.kitchen_1700544577_3240725262134392925_30356002527.jpg,"DIECGO

#FAKTA

Wortel dapat membantu menyehatkan
mata karena:

@ Vitamin A yang terkandung dalam wortel sangat tinggi.
Jumlah vitamin A dalam wortel sangat tinggi dan itu mampu
untuk menjaga mata agar tetap sehat dan bening.

2 Wortel mengandung Zat Beta-Karoten.
Zat ini memiliki peranan yang cukup baik bagi mata terutama
untuk membuat pigmen mata menjadi lebih jernih.

& Tubuh sangat memerlukan Vitamin A.
National Eye Institute menyebutkan setiap tahun diperkirakan
250.000 sampai 500.000 anak menjadi buta di seluruh dunia
lantaran kekurangan asupan vitamin A.

#mitosataufakta
"
dietgo.kitchen_1700460440_3240019467071396547_30356002527.jpg,"DIEGGO

JAPANESE

       
 

, a
HEALTHY FiT KITCH
"
dietgo.kitchen_1700207551_3237898078839479689_30356002527.jpg,"    

POTATOES // 220.78 kcal

 

 

 

Grilled Chicken is an American BBQ classic. When prepared and
cooked correctly, this simple meal is also one of the most delicious. Who
doesn't love a perfectly prepared, juicy, tender chicken breast while
hanging outside at a BBQ? There are a few things to take into
consideration when you include grilled chicken on a cookout menu: the
seasoning, the temperature of the grill, and how long it's cooked.

 

 
 
 
 
 

 

 

  

Grilled Chicken Dietgo consists of protein, vegetables, and carbs. The
combination of the menu is extremely suitable for those who want to do
a diet without overlooking the taste of the meal. It is accessible easily on
online platforms wherever and whenever.

 
 

   

 

   

 

 

 

 

  
"
dietgo.kitchen_1700293445_3238618609473575899_30356002527.jpg," 

 

PILIHAN SAMBAL

SEI SAPI & SEI AYAM:

4
(on
ag
2)
Oo

SAMBAL BAWANG

 

TNO

 
"
dietgo.kitchen_1700113843_3237112004160541180_30356002527.jpg," 
"
dietgo.kitchen_1700113843_3237112004143798804_30356002527.jpg," 
"
dietgo.kitchen_1700113843_3237112004160672971_30356002527.jpg,"DIECGO

DIETGO'S
BULKING
MENU

Bingung mendapatkan tubuh impian? Temukan rahasianya
dengan DietGo Bulking Menu! Rasakan pengalaman
makan sehat yang lezat dan penuh gizi,
dirancang khusus untuk membantu

kamu membangun otot tanpa

harus mengorbankan kenikmatan makanan.

   

Kenali beberapa menunya pada slide berikut! >>>
"
dietgo.kitchen_1700113843_3237112004253041657_30356002527.jpg," 
"
dietgo.kitchen_1700113843_3237112004152336674_30356002527.jpg," 
"
dietgo.kitchen_1700113843_3237112004471158856_30356002527.jpg,"DIECGO

BULKING WEEKLY PACKAGE

Bulking Weekly Package adalah paket subscription
untuk kamu yang sedang berupaya menaikkan
massa otot dan berat badan. Cari tahu Bulking
Weekly Package lebih jauh dalam tautan di bawah.

Lunch & Dinner

http://bit.ly/dietgobulkingld ON

Lunch/Dinner Only

http://bit.ly/dietgobulkingldo QA

SUBSCRIBE NOW!
"
dietgo.kitchen_1700025208_3236368478237970253_30356002527.jpg,"   

GRILLED DORY
wilA LEMONILO

    
  

GRILLED CHICKEN
wilA LEMONILO

 
 
"
dietgo.kitchen_1699943526_3235683281838397595_30356002527.jpg,"DO’S & DONT’S OF EATING DIETGO

BERDOA

Sebelum makan
Dietgo, pastikan
berdoa sebagai
bentuk syukur atas
Pantene Lal: MY ara)
berikan.

a) AN

Jangan sampai lupa
Tae) dol -1K0 [el
Apalagi sampai lupa
kamu ini sedang apa
CoE TaMe lit lit- Malle -L
boleh ya!

TENANG

Jangan terburu-b:
makanlah dengan
tenang. Pastikan

menyiapkan minuman

bila terjadi hal yang
tidak diingkan.

RAKUS

LUTE Cima
tenang. Jangan
sampai kamu rakus
atas makanan yang
ada, apalagi yang
eT CTE eC

BERESKAN

Lett Tal ely
makanan agar tidak
berserakan. Sampah
sisa harap langsung
dibuang ke
RV) ey}

JOROK

Jorok itu sarang
penyakit. Jangan
biasakan bekas
Pe Clara Lele cl)
(Trlr ere tt T 0
Segera buang!

 
"
dietgo.kitchen_1699849004_3234890373245778550_30356002527.jpg,"DIEEGO

SIMPLE TIPS:

1 The Most Producti
Hari senin ad a 1U dapat
<a serial maupun sosial.

  
 
  
  
  
    

% New Day, Ne
Hari baru, ha t rit a sebuah
lembaran baru yang di emnye banyak sekali harapan baru.

& Everything Needs a Balance
Healing memang penting, tetapi terlalu sering juga tidak baik.
Hari senin hadir untuk mejaga keseimbangan tersebut.

® Be Grateful
Bangun di hari senin untuk kembali beraktivitas adalah bentuk

cinta Tuhan yang perlu disyukuri jan sungguh-sungguh.

  

#EduGo
"
dietgo.kitchen_1699849004_3234890373220762493_30356002527.jpg,"DIECGO

 

SIMPLE TIPS
ae] {LOVING MONDAY

#EduGo swipe >

 
"
dietgo.kitchen_1699770080_3234228304313933413_30356002527.jpg,"DIEGGO

°MENDANG-MENDING

ON Rel at

Nasi Padang
650 kcal

 

Sei Ayam
with Brown Rice

351.28 Kcal

 
"
dietgo.kitchen_1699601010_3232810048122273779_30356002527.jpg," 

 

HARI PAHLAWAN

tional Heroes Day

 

Jas Merah! Jangan sekali-kali melupakan sejarah. Kawan, menyala-nyalalah dalam
keberanian. Hari ini, saatnya menghormati para pahlawan yang telah berjuang untuk
kebebasan kita. Selamat Hari Pahlawan, Para Pahlawan Nasional Indonesia !

 

 
"
dietgo.kitchen_1699518934_3232121543993922915_30356002527.jpg," 
"
dietgo.kitchen_1699518934_3232121543994072173_30356002527.jpg,"GO

Pon all rll

 
"
dietgo.kitchen_1699334894_3230577702530879282_30356002527.jpg,"DIEGGO

 
"
dietgo.kitchen_1699425613_3231338710213293897_30356002527.jpg,"DIEGGO

    

S @dietgo.kitchen
"
dietgo.kitchen_1699090395_3228526695374209504_30356002527.jpg,"     
   

Pola hidup sera ber C tur dan makanan sehat
bisa membuat produksi ene!

   

& Menjaga Kesehatan Mental
Pola hidup sehat dapat melepaskan hormon stres dan mi
produksi hormon bahagia dan senang.

#EduGo
"
dietgo.kitchen_1699090395_3228526695416299557_30356002527.jpg,"<

  

DIEEGO
-

SS 4
Si
eS

a“

gf

sl |
A

4

és

 

MANFAAT MENJAGA
POLAUIPU Ea

#EduGo swipe >

=

 
"
dietgo.kitchen_1698988976_3227675935845425274_30356002527.jpg," 
"
dietgo.kitchen_1698904750_3226969396117759305_30356002527.jpg,"DIEGGO

Tad
SAMBAL

is full Of >

   
"
dietgo.kitchen_1698821318_3226269511248531102_30356002527.jpg,"Dietgo’s Sauce

Vegetables

Cucumber

SA

 
"
dietgo.kitchen_1698749135_3225664001105271532_30356002527.jpg,"   

Last day of October,
how was it going?

 
"
dietgo.kitchen_1698654001_3224865956579027844_30356002527.jpg,"DIECGO

GraoFood

a
4 < 0
Diet Go - Kebon Pisang
°o®@
4.8(IK+) + Ratings and reviews
|

 

Diskon 30% up to 60rb
minimum spend 40rb
& Gratis Ongkir

Term & Condition Berlaku

 
"
dietgo.kitchen_1698223049_3221250866550302557_30356002527.jpg,"DIEEGO

 

JAKARTA

KELAPA
GADING

 

9 JI. Raya Gading Indah No. 88 Pegangsaan
Dua Kec. Klp Gading Jakarta Utara 14240

 

GraoFood

 

DIETGO WEEKLY
"" CATERING

Available for Online Order Only
"
dietgo.kitchen_1698464023_3223272303586760618_30356002527.jpg,"SUMPAH PEMUDA

 

Semangat para pemuda “sumpah pemuda” tidak pernah padam, meskipun dalam gempuran
pasukan penjajah yang ingin menguasai Tanah Air. Api semangat itu tak sepatutnya padam!
Selamat hari Sumpah Pemuda, pemuda-pemudi bangsa Indonesia masa kini!
"
dietgo.kitchen_1697955575_3219007139781997950_30356002527.jpg,"DIECGO

APA SAJA SIH

WAN LV aU

  

Swipe untuk baca selengkapnya!
"
dietgo.kitchen_1697955575_3219007139689743194_30356002527.jpg," 

Qy

 

 

Grilled Chicken Dietgo kaya akan
protein. Dalam satu porsi ricebowl
grilled chicken, terkandung 11.4 protein.

Grilled Chicken Dietgo mengandung
sumber selenium, fosfor, vitamin Bé,
dan niasin yang sangat baik.

 

Grilled Chicken Dietgo kaya akan

protein dan vitamin, tetapi tidak dengan

kalori. Kalori yang terkandung dalam satu

porsi ricebowl grilled chicken hanya 248.5 kcal.

 

Grilled Chicken Dietgo tidak mengandung

gula atau pati sehingga sedikit mengandung
karbohidrat. Kandungan karbodhirat dalam

satu porsi porsi grilled chicken adalah 29.1 carbs.
"
dietgo.kitchen_1697872551_3218310677431483366_30356002527.jpg,"DIEEGO

SIMPLE TIPS

ae] ¢SLEEPING ON TIME

#EduGo

swipe >
"
dietgo.kitchen_1697783321_3217562161604085663_30356002527.jpg," 

 

ih b :
iT @

au 8
Ry 3

 
"
dietgo.kitchen_1697872551_3218310677330802546_30356002527.jpg,"  
  
 
   

DIEEGO

dur siang terlalu

imu menjadi

® Hindari Makan Berat Sebelum Tidur &
Hindari makan malam karena membuat organ tubuh kamu bekerja.
Jika merasa lapar pada malam hari, siasati dengan makanan ringan.

® Hindari Gawai Sebelum Tidur
Hindari bekerja di tempat tidur agar pikiran kamu dapat lebih rileks.
Selain itu, hindari juga penggunaan peralatan elektronik.

#EduGo
"
dietgo.kitchen_1697699994_3216863165046638267_30356002527.jpg," 
"
dietgo.kitchen_1697613842_3216140474547353259_30356002527.jpg," 

=r

 

 
"
dietgo.kitchen_1697613842_3216140474538916042_30356002527.jpg,"     

 
 

TAN

  
"
dietgo.kitchen_1697613842_3216140474538906860_30356002527.jpg," 
"
dietgo.kitchen_1697528346_3215423277151706842_30356002527.jpg,"DIEGGO

#TIMNASDAY

Indonesia vs Brunei
Venue: Hassan Al-Bolkiah Stadium
Berikan dukungan penuhmu!

 

Lengkapi #TimnasDay bersama Dietgo!
"
dietgo.kitchen_1697528346_3215423277076230577_30356002527.jpg,"DIEGGO

 
"
dietgo.kitchen_1697445750_3214730410032762414_30356002527.jpg,"DIEGGO

#MITOSATAUFAKTA

SAAT DIET, MENGHINDARI
KARBOHIDRAT ITU HARUS?

 

 

#mitosataufakta swipe >
"
dietgo.kitchen_1697287963_3213406798067565793_30356002527.jpg,"   

DIEGGO |

 

#MITOSATAUFAKTA

“eKURANG TIDUR DAPAT
| MENYEBABKAN KEGEMUKAN?

Lf

 

#mitosataufakta swipe >
"
dietgo.kitchen_1697445750_3214730410024381251_30356002527.jpg,"DIEGGO

#MITOS

ohidrat tidak menjadi HARUS
ari saat diet karena:

  
 
 
 
    
 
  
  
  
 

 

merupakan sumber energi yang utama.
umsi, karbohidrat akan menjadi gula, yang nanti
jadi sumber energi tubuh.

karbohidrat yang cukup dan seimbang,
mbantu meningkatkan suasana hati, menjaga
ung, dan meningkatkan fokus.

serat pada makanan berkarbohidrat membantu
n sistem pencernaan. Asupan karbohidrat yang
tepat bisa mengontrol nafsu makan berlebihan.

#mitosataufakta
"
dietgo.kitchen_1697367179_3214071315030264365_30356002527.jpg,"   
  

Dietgo Kitchen ~
@dietgo.kitchen ‘

[Reminder]
Jangan lupa jaga asupan kalori kamu selama
weekend ini! Cheating day itu boleh, tapi
over-cheating juga gak baik. Keep in touch sama
Dietgo terus ya:)

 
 
    

2025

    

 

 

3.1M Retweets

      

1.1M Quote Tweets 12.8M Likes
"
dietgo.kitchen_1697287963_3213406798176639899_30356002527.jpg,"   

% Seseorang yang kurang tidur akan men: i peningkatan
kadar hormon lapar (ghrelin) dan penurunan kadar hormon
kenyang (leptin).

@ Kurang tidur juga memengaruhi laju metabolisme dan
pembakaran kalori. Studi menemukan bahwa kurang tidur
menyebabkan pembakaran kalori berkurang hingga 5-20 persen.

& Dalam jurnal Annals of Internal Medicine, kurang tidur
selama empat hari saja sudah bisa meningkatkan berat badan.
Apabila kondisi ini berlangsung terus-menerus.

#mitosataufakta
"
dietgo.kitchen_1696841724_3209663476648012555_30356002527.jpg,"DIEGGO

Oy, Pt -1

VT @)

Diskon 35% s/d Rp35RB
Min. Belanja RO6ORB O

ShopeeFood Berlaku hingga: 15/10/2023

Diskon 25% s/d Rp200RB
ve Min. Belanja Rp100RB OQ

ShopeeFood Berlaku hingga: 15/10/2023

Diskon 60% s/d Rp24RB
ve Min. Belanja Re30RB O

ShopeeFood Berakhir: 9 jam lagi

 

Available on
"
dietgo.kitchen_1696927015_3210378948985009836_30356002527.jpg," 

 

DIEEGO

 

GraoFood

 

 
"
dietgo.kitchen_1696758271_3208963418210339204_30356002527.jpg," 

DIEGEGO GraoFood

 

 

 

 
"
dietgo.kitchen_1696678502_3208294271096910276_30356002527.jpg,"DIECGO

(1) ShopeeFood

4.8 (622 Penilaian)

~~ ‘ Z
PAYDAY i

Healthy Chicken Healthy sei (da

Diskon 60% s/d 24rb
untuk minimal order 30rb
& Gratis Ongkir

Term & Condition Berlaku

 
"
dietgo.kitchen_1696593682_3207582748259010603_30356002527.jpg,"DIEEGO

GUESS)THE' MENU!

   

Vegetables Sauce

 

Tulis di kolom komentar ya!
"
dietgo.kitchen_1696502970_3206821799835048949_30356002527.jpg,"DIEGGO

°MENDANG-MENDING

KALORI.

Mie Bakso
420 kcal

 

SSTeTW ANE a0)
with Brown Rice

351.28 Kcal

 
"
dietgo.kitchen_1696431680_3206223781968688258_30356002527.jpg,"DIEGGO

Japanese Gyudo:

 

. gf
JAPANESE GYUDON?

 
"
dietgo.kitchen_1696315149_3205246245566613188_30356002527.jpg,"  

  

| “Sehat tidak menarik selagi masih kita miliki.
: Sehat menjadi begitu menarik pada saat kita
| tidak memilikinya, yaitu pada saat sakit.”

-Ade Rai
a4

*
.

   
"
dietgo.kitchen_1696226958_3204506441979750013_30356002527.jpg,"   

 

 
 

 

 

 

   

   

 

 

JAPANESE
GYUDON

BROWN RICE // 485.3 kcal

   

 

 

 

 

Gyudon is a typical Japanese food which is very popular there and has become
a favorite food. Gyudon is a typical Japanese menu consisting of a combination of
white rice and beef. This food is served with various types of special spices
and added with chopped onions.

According to history, gyudon was originally a hot pot dish and was known as
gyuunabe. Initially this food consisted of pieces of beef cooked by boiling with onions
and miso soup. Gyudon continues to grow and is very popular now.

 

 

 
"
dietgo.kitchen_1696147923_3203843454948118572_30356002527.jpg," 

What are your best
wishes for this October?

 
"
dietgo.kitchen_1695897412_3201742014951725141_30356002527.jpg,"  

Sy pIETGO KITCHEN |

— aaa
a
=| "" a
= 1) =—

Riss Ness

A ee eh as
FOODS. RINKS. cj

CT oe eo yl UEC a AE
BOE acer acon Th) Paar each ae nS
Borate)

 

 

 

 

 

 

 

  

 

  
"
dietgo.kitchen_1696059855_3203104682161759023_30356002527.jpg," 
"
dietgo.kitchen_1695729597_3200334280834467060_30356002527.jpg," 
"
dietgo.kitchen_1695471265_3198167236538210530_30356002527.jpg," 

 
"
dietgo.kitchen_1695639831_3199581271061972256_30356002527.jpg," 
"
dietgo.kitchen_1695385259_3197445763896817037_30356002527.jpg," 
"
dietgo.kitchen_1695125986_3195270820635544626_30356002527.jpg," 

 

Dyce) KITCHEN — g Ee

 

a in

PTA An Ae 7 Th ee a
FOODS. DRINKS. | pra —

 
"
dietgo.kitchen_1693817590_3184295204885036336_30356002527.jpg,"    

 

PERE QA
‘ .
"
dietgo.kitchen_1694867262_3193100487828553995_30356002527.jpg," 

    

DIEGO

DINGO Vana ica)

   

‘a )

   

 
"
dietgo.kitchen_1693730289_3183562865204754813_30356002527.jpg,"| ;

i. LIVE YOUR |
LIFE WITH DIETS
a. ‘ -

   
   
   
  

  
 

  
"
dietgo.kitchen_1693635527_3182767946877758273_30356002527.jpg," 

 

 
"
dietgo.kitchen_1693560282_3182136747067040185_30356002527.jpg,"    
 
    

= = por r

au KS

 

 

 

 
"
dietgo.kitchen_1692774495_3175545087726130293_30356002527.jpg,"in) ANN

WDC Awe
Jl. Gedung Hijau bas sas SFO7 No. 74
Online fee as 40), | ole) .¢ INDAH RT.14/RW.16, Pondok Pinang

JAKARTA

 
"
dietgo.kitchen_1692259292_3171223251391603732_30356002527.jpg,"INDEPENDENCE DAY

 

78 tahun sudah sejak Bapak Proklamator, Bung Karno, memproklamasikan kemerdekaan
dari segala jenis penjajahan. Hari ini, saatnya generasi muda bangkit
melawan penjajahan asing di muka bumi Indonesia!
"
dietgo.kitchen_1692774495_3175545087734559029_30356002527.jpg,"pis) 75:

Jl. Pulo Ribung No. 4, RT.03/RW.O07, Jaka Setia, Tee oN
GALAXY ste a es

Kec. Bekasi Selatan, Bekasi, Jawa Barat (ONGC Oyen ad

 
"
dietgo.kitchen_1690442815_3155985537109032328_30356002527.jpg,"EN

GRILLED CHICK

 

ye
me

rT adnad
a a a

mene

 

mw ON
"
dietgo.kitchen_1690442815_3155985537109030357_30356002527.jpg,"Wa
JAPANESE

GYUDON

 
"
dietgo.kitchen_1689643052_3149276638424713321_30356002527.jpg,"DIEGGO

 

AL

Nite aT hi

GOFOOD - SHOPEEFOOD - GRABFOOD

 

 
"
dietgo.kitchen_1689732825_3150029709038109087_30356002527.jpg,"iSC/KMIC NEW YEAR

 

Jangan sesali masa lalu. Jangan khawatirkan masa depan. Selalu ada harapan
dan kemungkinan terbaik untuk awal yang baru. Kembalilah kepada Al-Quran dan
As-Sunnah. Selamat Tahun Baru Islam 1445 H.
"
dietgo.kitchen_1689500557_3148081306427235682_30356002527.jpg," 
"
dietgo.kitchen_1689500557_3148081306360200251_30356002527.jpg,"MASUK KE TAUTAN

DIEGGO

BEACONS.AI/DIETGOKITCHEN YANG

 

TERTERA PADA BIO INSTAGRAM @DIETGO.KITCHEN

15.27

dietgo.kitchen

446
Posts

15,5k 3
Followers Following

DietGO - Healthy Cloud Resto
Health food restaurant

Healthy Fun Diet!

#revolutionismyresolution

Jakarta, Bandung, Cimahi, and Surabaya... more
Jl. Naripan No 34, Bandung

@ beacons.ai/dietgokitchen

Professional dashboard
6K accounts reached in the last 30 days.

Edit Profile

Cs

Subscription Rebecca Kl...

Share profile

DietGO Talk

Press

6

15.27

dietgo.kitchen v

446

Posts

15,5k 3
Followers Following

DietGO - Healthy Cloud Resto
Health food restaurant

Healthy Fun Diet!

#revolutionismyresolution

Jakarta, Bandung, Cimahi, and Surabaya... more
Jl. Naripan No 34, Bandung

@ beacons.aijdietgokitchen

Professional dashboard
6K accounts reached in the last 30 days.

Edit Profile

Cx ®

Subscription Rebecca Kl... Press

Share profile

DietGO Talk Sei S|

18.27

dietgo.kitchen v

446
Posts

15,5k S
Followers Following

DietGO - Healthy Cloud Resto

Health food restaurant

Healthy Fun Diet!

#revolutionismyresolution

® Jakarta, Bandung, Cimahi, and Surabaya... more
JI. Naripan No 34, Bandung

@ beacons.ai/dietgokitchen

Professional dashboard
6K accounts reached in the last 30 days.

Edit Profile Share profile

Subscription RebeccaKl.. Press DietGO Talk Sei S|

 
"
dietgo.kitchen_1689500557_3148081306393690731_30356002527.jpg,"DIEEGO

TERDAPAT PILIHAN ""ORDER VIA WHATSAPP,” KLIK

eect

eer ae

folgel-TmU EM creliolele|

Lelce(TmUtReir-lohierere)

Ore ESM see)

Colca Nfl c=

Big Orders

eer tan ie ern

Ora Eeey

Beacons

PILIHAN TERSEBUT

eee cit

Pear as

Order via Gofood

Order via Grabfood

Oem ai]

(elisa Mea

Big Orders
Catering - Corporate - Events

Orme Gey

Beacons

Deel

Peanuts

Order via Gofood

Order via Grabfood

OIE NS tC]

(eles ay Moe =e

ieee

Cree ie

Oa MGS

 
"
dietgo.kitchen_1689500557_3148081306360224204_30356002527.jpg,"DIEEGO

SETELAH MASUK KE DALAM TAUTAN,
GULIRKAN LAYAR KE BAWAH

15.28

x dietgokitchen - Link in Bio & Cre...

@ beacons.ai

DietGo - Healthy Fun Diet!

yee i Tune Sy
one)

SOdy

te aialem Melateea Lala

Petar ete ae

Pere cirs Peviay/ Pliage
Pee Me eee ee

Correction a
Meermet cnet eter eons

(erect PAUP Ia ea}

Weekly Cutting Lunch or Dinner Only

Meee cll

Peed ay

15.28

x dietgokitchen - Link in Bio & Cre...

1 Subscribe @

DietGo - Healthy Fun Diet!

fy feo Ear Su go y

Ee ire Uo aL aT Ue
Weekly Bulking Lunch & Dinner

Fem iye eM nyA at el
Ree ates eae

Cutting Lunch & Dinner
ee Aer ta ee Ds

(ettiscisnetnrsay iat ite
Peer Tee eae

ee aaa cll
Fire ci

15.28

x dietgokitchen - Link in Bio & Cre...

@ beacons.ai

Q Subscribe

DietGo - Healthy Fun Diet!

Dy Tico Eo rate on
9 Indonesia

Oe |

Lev diare mela: a2 ieee
DMM ae Rene Tea

EW iene rena]
Weekly Bulking Lunch or Dinner Only

Cutting Lunch & Dinner
Dee ert ee D A s

Cutting Lunch/Dinner Only
eer yes pea

Macatee

Miran ae

 
"
dietgo.kitchen_1689500557_3148081306368577847_30356002527.jpg,"15.30
Instagram

{183 owe +62.821-1530-49... E> Qt

ap here to-add to contac:

Today

@ Messages and calls are end-to-end
encrypted. No one outside of this chat,
not even WhatsApp, can read or listen to
them. Tap to learn more.

Found 2 contact cards for this number. Add to
your contacts?

View Contact Cards

DIEGGO

15.30

Instagram

€ 183 seo +62 821-1530-49,

nere to add to conta

Today

@ Messages and calls are end-to-end
encrypted. No one outside of this chat,
not even WhatsApp, can read or listen to.
them. Tap to learn more.

Found 2 contact cards for this number. Add to
your contacts?

View Contact Cards

SELAMAT MEMESAN!

15.30,
< Instagram

€ 183 seo +62 821-1530-49,

‘ap here to.add to cont

Today

@ Messages and calls are end-to-end
encrypted. No one outside of this chat,
not even WhatsApp, can read or listen to.
them. Tap to learn more.

Found 2 contact cards for this number. Add to
your contacts?

View Contact Cards

 
"
dietgo.kitchen_1689500557_3148081306368493839_30356002527.jpg,"DIEGGO

SISTEM OTOMATIS MENGHUBUNGKAN KE WHATSAPP

Share on WhatsApp

@ api.whatsapp.com

(© WhatsApp

DIEEGO

Diet Go Kitchen

Continue to Chat

Don't have WhatsApp yet?
Download

Share on WhatsApp
@ apiwhatsapp.com

(© WhatsApp

Dié’GO

Diet Go Kitchen

Continue to Chat

Don't have WhatsApp yet?
Download

Share on WhatsApp
@ api.whatsapp.com

(© WhatsApp

DiévGO

Diet Go Kitchen

Continue to Chat

Don't have WhatsApp yet?
Download

 
"
dietgo.kitchen_1689048356_3144287969031317613_30356002527.jpg,"DIEGGO

MANA PROTEIN
KESUKAANMU?

BROWN RICE SERIES

witAé Grilled Chicken

    

Van cla] (oN Blea
"
dietgo.kitchen_1688365370_3138558665723205637_30356002527.jpg,"DIEGGO

 

WE ARE HIRING!

  

Cy Active, fun, and willing to learn

Up to date with the latest issues and social
media trends

Creative and relevant to target audience
Communicative

 
  

  
      

Active, fun, and willing to learn
Familiar with Kaizen Methodology
Familiar with operation job-desc
Communicative

    

  
 
      

Upload your CV to link below

bit.ly/dietgomarketinginternship
bit.ly/dietgooperationinternship :

 
"
dietgo.kitchen_1688006405_3135547449077547900_30356002527.jpg,"EID AL-ADHA1444H

 

Berkorbanlah sebagaimana Ibrahim (as) dan Ismail (as) berkorban dalam hidupnya. Secara syariat,
selamat mengorbankan hewan tertentu. Secara hakikat, selamat berkorban dan berjuang dalam
kehidupan sehari-hari. Semoga Allah mengampuni kita semua di hari yang suci ini.
"
dietgo.kitchen_1687948737_3135063690871980044_30356002527.jpg,"DIEGGO

CHOOSE
YOUR MENU!

MIE GORENG LEMONILO

    

with Sei Sapi
"
dietgo.kitchen_1687773115_3133590467151988068_30356002527.jpg,"DIEEGO

BULKING WEEKLY PACKAGE

Bulking weekly package adalah paket subscription untuk
kamu yang sedang berupaya untuk menaikkan massa
otot dan berat badan.

Lunch & Dinner

http://bit.ly/dietgobulkingld &

Lunch/Dinner Only

http://bit.ly/dietgobulkingldo

SWIPE >>>
"
dietgo.kitchen_1687773115_3133590467143533304_30356002527.jpg,"DIEGGO

DIETGO SUBSCRIPTION

ADA BERAPA JENIS SUBSCRIPTION DIETGO?

 
"
dietgo.kitchen_1687773115_3133590467160440344_30356002527.jpg,"DIEEGO

NORMAL WEEKLY PACKAGE

Normal weekly package adalah paket subscription untuk
kamu yang sedang menjalani diet dalam rangka menjaga
pola makan dan pola hidup sehat.

Lunch & Dinner

http://bit.ly/DietGoSubs co}

Lunch/Dinner Only

http://bit.ly/LDOnlySubs fo}

SWIPE >>>
"
dietgo.kitchen_1687773115_3133590467135216871_30356002527.jpg,"DIEEGO

CUTTING WEEKLY PACKAGE

Cutting weekly package adalah paket subscription untuk
kamu yang sedang berupaya untuk menurunkan massa
lemak dan berat badan.

Lunch & Dinner

http://bit.ly/dietgocuttingld

Lunch/Dinner Only

http://bit.ly/dietgocuttinglido Q

SWIPE >>>
"
dietgo.kitchen_1687773115_3133590467152154698_30356002527.jpg,"DiétGo oO

BERMANFAAT?

Jangan lupa LIKE, SAVE,
dan SHARE postingan ini ya!

LIKE dan SHARE SAVE untuk
jika kamu suka lihat lagi nanti
"
dietgo.kitchen_1687409916_3130543733752541052_30356002527.jpg," 

DIECGO

LOY MANA?

HEALTHY FISH

GRILLED DORY
with brown rice

TULIS DI KOLOM KOMENTAR YA!
"
dietgo.kitchen_1687242511_3129139445348348132_30356002527.jpg,"DIEGGO

Py
SEKARANG!

   

RAI FITNESS
KOTA BANDUNG
"
dietgo.kitchen_1687242511_3129139445281122393_30356002527.jpg,"Py{-rfeze)

PESAN 50K

FREE 1 VIP GUEST PASS
SYN Ss

 

*HANYA BERLAKU PADA PEMBELIAN DINE-IN
DI OUTLET PAHLAWAN KOTA BANDUNG

*VOUCHER DAN WAKTU TERBATAS
"
dietgo.kitchen_1686567925_3123480608310186644_30356002527.jpg," 
"
dietgo.kitchen_1686120503_3119727352950014316_30356002527.jpg,"DIEGGO

RAMADAN TELAH BERAKHIR

'SUDAH|SIAPJUNTUK(DIET,

 
"
dietgo.kitchen_1686120503_3119727352866110414_30356002527.jpg,"DIEEGO

MENCEGAH RESIKO DIABETES

Berpuasa secara efektif dapat mencegah terjadinya resistensi
insulin. Kinerja insulin (hormon yang mengatur kadar gula dalam
darah) akan bekerja maksimal sehingga dapat menjaga
kestabilan kadar gula dalam darah.

| SWIPE >>>
"
dietgo.kitchen_1686120503_3119727352899560149_30356002527.jpg,"DIEEGO

MENCEGAH OBESITAS

Saat berpuasa, tubuh mengalami peningkatan proses
metabolisme. Saat metabolisme meningkat, maka pembakaran
lemak dan kalori dalam tubuh juga ikut meningkat. Sehingga
proses penurunan berat badan akan lebih efektif.

SWIPE >>>

 
"
dietgo.kitchen_1686120503_3119727352857587493_30356002527.jpg,"DIEEGO

MANFAAT
MELANJUTKAN
PUASA

BISA TURUN BERAT BADAN, LHO!

Puasa memberikan banyak manfaat bagi
kamu yang menjalankan. Walaupun bulan
suci Ramadan telah berakhir, tidaklah
buruk bagi kamu untuk tetap berpuasa.
Puasa menyodorkan pengaruh positif bagi
kesehatan, apa Saja?

Cek slide berikut!

SWIPE >>>

 
"
dietgo.kitchen_1686120503_3119727352857669897_30356002527.jpg,"DIEEGO

MENCEGAH PENYAKIT MENTAL

Saat berpuasa, kadar hormon kortisol (sering disebut hormon
stres) akan berkurang. Sebaliknya, hormon endorfin atau sering
disebut hormon bahagia produksinya akan meningkat. Hal ini
berkaitan erat dengan peningkatan proses metabolisme dalam
tubuh.

 

SWIPE >>>

source: um-surabaya.ac.id
"
dietgo.kitchen_1686120503_3119727352857650336_30356002527.jpg,"DIEEGO

DIETGO MENYEDIAKAN
SUBSCRIPTION DINNER ONLY!

Membantu kamu yang berpuasa di luar bulan Ramadan

Cutting Lunch & Dinner Only

http://bit.ly/dietgocuttingldo &

Bulking Lunch & Dinner Only

http://bit.ly/dietgobulkingldo &

 
"
dietgo.kitchen_1686120503_3119727352857530008_30356002527.jpg,"DIEEGO

MENCEGAH PENYAKIT JANTUNG

Beberapa penelitian menjelaskan bahwa berpuasa dapat
menurunkan tekanan darah dan kadar kolestero! dalam tubuh.
Karena saat berpuasa, seseorang akan lebih menjaga dan
mengontrol asupan makanannya.

SWIPE >>>

 
"
dietgo.kitchen_1681814042_3083602142211362632_30356002527.jpg," 
   

JI. Gedung Hijau Raya Blok SFO7
aid ted Gd No. 74 RT.14/RW.16, Pd. Pinang

BANDUNG

NARIPAN SETIABUDI ANTAPANI
Jl. Naripan No.34 Jl. Cipaku Indah Jl. Randusari Utara

DAGO NST BN AUT Ce) CIBADUYUT

JI. Cisitu Indah JI. Bungursari Cibaduyut Residence

CIMAHI

JI. Budi, Cimahi

 

7 GO
gofood || GrabFood ee CATERING
"
dietgo.kitchen_1681814042_3083602142127628789_30356002527.jpg,"DIEEGO

»

ao

 

‘LETS

JAKARTA

PONDOK
INDAH

 

9 JI. Gedung Hijau Raya Blok SFO7 No. 74
RT.14/RW.16, Pd. Pinang

 

GraoFood

 

a DIETGO WEEKLY
7 CATERING

Available for Online Order
"
dietgo.kitchen_1681814042_3083602142127602758_30356002527.jpg,"JAKARTA

PEJATEN KEBON JERUK PURI

Jl. Jatipadang Utara, Jl. Arjuna Utara, Jl. H. Mading,
Jakarta Selatan Jakarta Barat Jakarta Barat

CEMPAKAPUTIH KALIBATA KUNINGAN

JI. Cempaka Putih Raya, PO) PCV ole oa Pal cova DiaSeitaie)
Jakarta Pusat Jakarta Selatan no 75.(sebelah TIKI)

yA |= 7 PONDOK INDAH

Jl. Salemba Tengah No. 46, JI. Gedung Hijau Raya
RT.4/RW.4, Paseban, Blok SFO7 No. 74
Kec. Senen

SURABAYA

TEGAL SARI Na) ROYAL CITYLOFT

Jl. Tegal Sari, Surabaya Jl. Lampis, Surabaya Royal Cityloft unit 0205,
Jl. Royal Residence

 

7 1 DIETGO WEEKLY
gofood | GradFood CATERING
"
dietgo.kitchen_1680071144_3068981658259155077_30356002527.jpg,"_DISKON KFLAT
ee

27 Mar - 16 Apr

 
"
dietgo.kitchen_1679890078_3067462762703724292_30356002527.jpg,"DIEGGO

TIPS DIET SAAT
RAMADHAN

Saat berpuasa, banyak orang yang khawatir akan kenaikan berat badan yang
tidak diinginkan. jika berat badan kamu malah naik selama berpuasa, itu berarti
ada yang salah dengan cara kamu melakukan diet saat berpuasa. Supaya tidak
mengalami hal ini, ada beberapa tips diet selama puasa yang bisa dicoba.

SWIPE >>>

 
"
dietgo.kitchen_1680071144_3068981658326256903_30356002527.jpg,"DS Cham
3} RAMADAN?

 

 

 

DISKONKILAT40% |g
"
dietgo.kitchen_1679890078_3067462762695289329_30356002527.jpg,"DIEGGO e

BERMANFAAT?

Jangan lupa LIKE, SAVE,
dan SHARE postingan ini ya!

Like dan Share Save untuk
jika kamu suka lihat lagi nanti
"
dietgo.kitchen_1679890078_3067462762695449407_30356002527.jpg,"DIEGGO @

1. Memperbanyak Konsumsi Serat
dan Protein

   

- Batasi Makanan dan Minuman Manis
. Hindari Makan Berlebihan
. Hindari Makan Gorengan

- Cukupi Kebutuhan Air Putih

ao a BF W DN

. Tidur yang Cukup
"
dietgo.kitchen_1679536833_3064499526100220622_30356002527.jpg,"arbaban Yaa
RAMADHAN

 

Sucikan diri dari segala dosa, Bulan Suci telah tiba. Mohon
maaf Lahir dan Batin. Selamat menunaikan ibadah Puasa
"
dietgo.kitchen_1679115516_3060965268322253481_30356002527.jpg,"DIEEGO

a
: Sr OUTLET
IS UNDER

MAINTENANCE

Outlet akan tutup sementara sampai dengan tanggal 22 Maret 2023.
Pemesanan bisa dilakukan ke outlet:

ed KUNINGAN

Jl. Jatipadang Utara, Jl. Prof Dr Satrio
Jakarta Selatan [aloe be}
"
dietgo.kitchen_1679452678_3063793587267504501_30356002527.jpg,"ne ep I ilence

 

Catur Brata Penyepian, semoga kita senantiasa hidup tenang dan damai di dunia.
Selamat tahun baru Saka 1945 untuk hari raya Nyepi 2023.
"
dietgo.kitchen_1679043745_3060363205193414644_30356002527.jpg,"DIEEGO

MANFAAT
YOGA

COCOK UNTUK KAMU YANG MAGER!

SWIPE >>>

 
"
dietgo.kitchen_1679043745_3060363205151525960_30356002527.jpg,"DIEGCGO Oo

Yoga belakangan ini menjadi salah satu olahraga yang cukup
diminati. Meskipun lebih sering dikenal sebagai olahraga meditasi,
manfaat yoga tidak hanya baik untuk kesehatan mental, tapi juga
kesehatan fisik.

Apa saja manfaatnya?
Cek Slide berikut!

 
"
dietgo.kitchen_1679043745_3060363205327610456_30356002527.jpg,"DIEGGO ©

BERMANFAAT?

Jangan lupa LIKE, SAVE,
dan SHARE postingan ini ya!

Like dan Share Save untuk
jika kamu suka lihat lagi nanti
"
dietgo.kitchen_1679043745_3060363205243604585_30356002527.jpg,"DiébGO ©

1. Mengurangi Stress

Yoga belakangan ini menjadi salah satu olahraga yang cukup diminati. Meskipun
lebih sering dikenal sebagai olahraga meditasi, manfaat yoga tidak hanya baik untuk
kesehatan mental, tapi juga kesehatan fisik.

2. Baik untuk Kesehatan Jantung

Jika Anda memiliki risiko penyakit kronis, seperti tekanan darah tinggi atau penyakit
jantung, yoga bisa menjadi olahraga yang cocok. Yoga dapat meningkatkan aliran
darah dan melemaskan pembuluh darah sehingga dapat meringankan beban kerja
di jantung.

3. Meringankan Sakit Punggung

Bagi Anda yang mengalami sakit punggung, yoga juga bisa menjadi pilinan olahraga
yang tepat. Hal ini karena gerakan peregangan tubuh yang ada pada yoga dapat
membantu Anda melenturkan tubuh.

4. Meningkatkan Kebugaran
Tidak hanya dapat mengurangi stres, manfaat yoga lainnya adalah membuat tubuh
menjadi lebih bugar, memperbaiki postur tubuh, serta menambah kekuatan tubuh,
Jangkauan gerak, dan kelenturan tubuh.
"
dietgo.kitchen_1677301436_3045747661105206634_30356002527.jpg,"DIEEGO Gp

Brown rice. atau lebih dikenal dengan nasi merah,

adalah beras yang setengah digiling atau hanya diproses dengan
cara menghilangkan sekam tanpa dipoles sampai menjadi menjadi
beras putih. Karena tidak dipoles, brown rice memiliki kadar
karbohidrat yang cukup rendah. Brown rice kaya akan magnesium
dan mineral yang mendukung kesehatan tulang dan mengurangi
inflamasi pada sendi. Makan brown rice dua kali seminggu mampu
memenuhi kebutuhan magnesium dan melindungi tulang. Jadi, para
pelaku diet disarankan untuk mengonsumsi brown rice demi
mengontrol berat badannya.

 
"
dietgo.kitchen_1677301436_3045747661105169659_30356002527.jpg,"DIEEGO

HEALTHY
RICE

Apa itu Brown Rice?

 
"
dietgo.kitchen_1677301436_3045747661096700897_30356002527.jpg,"DIEGGO &

PE As

Jangan lupa LIKE, SAVE,
dan SHARE postingan ini ya!

Like dan Share Save untuk
jika kamu suka lihat lagi nanti
"
dietgo.kitchen_1676624842_3040071981025487084_30356002527.jpg,"Dy -lelere,
x
a TU
"
dietgo.kitchen_1676624842_3040071981042256618_30356002527.jpg,"DIEEGO

 

PLANT-BASED

with Brown Rice
"
dietgo.kitchen_1676624842_3040071981033901054_30356002527.jpg,"ST)

ip

 

Reese) 4
samen a VA

= TU
"
dietgo.kitchen_1676519675_3039189776489319178_30356002527.jpg," 
   

JI. Salemba Tengah No.46,
ate tL 2a) RT.4/RW.4, Paseban, Kec. Senen

BANDUNG

NARIPAN SETIABUDI ANTAPANI
Jl. Naripan No.34 Jl. Cipaku Indah Jl. Randusari Utara

DAGO PASIRLAYUNG CIBADUYUT
Jl. Cisitu Indah JI. Bungursari Cibaduyut Residence

ed Ya

JI. Budi, Cimahi

 

gofood | GraoFood ee CATERING
"
dietgo.kitchen_1676519675_3039189776481093751_30356002527.jpg,"DIEEGO

 

‘LETS

JAKARTA

SALEMBA

 

9 JI. Salemba Tengah No.46, RT.4/RW.4, Paseban,
Kec. Senen, Kota Jakarta Pusat

 

GraoFood

 

a DIETGO WEEKLY
7 CATERING

Available for Online Order
"
dietgo.kitchen_1676381270_3038028748296775155_30356002527.jpg,"DIEGGO

we ARE LOOKING EOS

pIETGO KITCHEN

   

http://bit.ly/ DietgoAmbassador

 
"
dietgo.kitchen_1676519675_3039189776497819079_30356002527.jpg,"PEJATEN

Jl. Jatipadang Utara,
Jakarta Selatan

ert aT

Jl. Cempaka Putih Raya,

Jakarta Pusat

JAKARTA

KEBON JERUK

Jl. Arjuna Utara,
Jakarta Barat

Lea WN

Jl. Raya Kalibata No. 1
Jakarta Selatan

PURI

Jl. H. Mading,
Jakarta Barat

KUNINGAN

Jl. Prof Dr Satrio
no 75.(sebelah TIKI)

N=

Jl. Salemba Tengah No. 46,
RT.4/RW.4, Paseban,
Kec. Senen

SURABAYA

TEGAL SARI eat ROYAL CITYLOFT

Jl. Tegal Sari, Surabaya Jl. Lampis, Surabaya Royal Cityloft unit 0205,
Jl. Royal Residence

0 DIETGO WEEKLY
gofood | GraoFood CATERING

 
"
dietgo.kitchen_1676364238_3037885871562186762_30356002527.jpg,"DIEEGO

a3

SURABAYA

 

UU

ROYAL
CITYLOFT

 

9 Royal Cityloft unit 0205, JI. Royal Residence, Sumur Welut

 

GraoFood

 

‘ DIETGO WEEKLY
“ CATERING

Available for Online Order
"
dietgo.kitchen_1676364238_3037885871637719491_30356002527.jpg," 
   

ROYAL CITYLOFT Royal Cityloft unit 0205,

Jl. Royal Residence, Sumur Welut

BANDUNG

NARIPAN SETIABUDI ANTAPANI
Jl. Naripan No.34 Jl. Cipaku Indah Jl. Randusari Utara

DAGO PASIRLAYUNG CIBADUYUT

Jl. Cisitu Indah JI. Bungursari Cibaduyut Residence

CIMAHI

JI. Budi, Cimahi

 

<a GO
gofood || GrabFood ON TATERING
"
dietgo.kitchen_1676364238_3037885871637677725_30356002527.jpg,"JAKARTA

PEJATEN KEBON JERUK PURI

Jl. Jatipadang Utara, Jl. Arjuna Utara, JI. H. Mading,
Jakarta Selatan Jakarta Barat Jakarta Barat

eT UT KUNINGAN

JI. Cempaka Putih Raya, FO) PS <ehVc- I el ek) oa Jl. Prof Dr Satrio
Jakarta Pusat Jakarta Selatan no 75.(sebelah TIKI)

SURABAYA

TEGAL SARI LAMPIS ROYAL CITYLOFT

Jl. Tegal Sari, Surabaya Jl. Lampis, Surabaya Royal Cityloft unit 0205,
Jl. Royal Residence

 

q DIETGO
gofood | GraoFood “CATERING.
"
dietgo.kitchen_1676341341_3037693797629974339_30356002527.jpg,"DIECGO

%
SPECIAL MENU

JAPANESE GYUDON a
eS

 
"
dietgo.kitchen_1676026275_3035050836572316530_30356002527.jpg,"DIEEGO

ROASTED OCS

   

ries

     
     

IS NOW AVAILABLE IN

SURABAYA
ated
"
dietgo.kitchen_1675836218_3033456517725868512_30356002527.jpg,"DIEGGO 4)

1. Makan dulu dirumah!
Persiapkan lah makananan sehat mu dirumah, agar menghindari tidak adanya
opsi makananan sehat sehingga memilih makan-makanan non diet.

2. Hindari Junk Food

Selain masakan daerah setempat, Anda juga mungkin tergoda untuk memilih
makanan cepat saji atau junk food. Jangan sampai Diet mu gagal karena ini ya.

3. Tidur yang cukup
Anda mungkin ingin memaksimalkan waktu liburan sehingga jadi kurang tidur.
Hal tersebut membuat Anda cepat lapar dan akan makan lebih banyak dari biasanya.

 
"
dietgo.kitchen_1675836218_3033456517793175018_30356002527.jpg,"DIEGGO

KIAT MEMPERTAHANKAN

DIET SAAT
LIBURAN

 

 

SWIPE >>>

 
"
dietgo.kitchen_1675836218_3033456517717473780_30356002527.jpg,"DIEGGO

KALO KAMU ADA DI

BANDUNG, JAKARTA, ATAU SURABAYA

PESAN SAJA DIETGO DI PLATFORM KESAYANGANMU!

Available for Online Order

DIETGO WEEKLY
@gofood GraoFood _ [ilshopeeFood CATERING

 
"
dietgo.kitchen_1675593927_3031424040828165011_30356002527.jpg,"DIEGGO @

BERMANFAAT?

Jangan lupa LIKE, SAVE,
dan SHARE postingan ini ya!

Like dan Share Save untuk
jika kamu suka linat lagi nanti
"
dietgo.kitchen_1675593927_3031424040819993119_30356002527.jpg,"DIEEGO

  
  

CARA MENGUKUR INDEKS

MASSA TUBUH MU!

K i.
"
dietgo.kitchen_1675593927_3031424040828306051_30356002527.jpg,"DIEEGO

LIHAT HASILNYA DAN BANDINGKAN
DENGAN KATEGORI INI!

BMI = (Berat dalam Kg) / (Tinggi dalam Meter X 2)

[eM | Keterangen

<18,5

18,5 - 22,9

23 - 29,9

30 ke atas

 

Berat badan kurang.

Berat badan normal.

Berat badan berlebih
(kecenderungan obesitas).

Obesitas.

O
"
dietgo.kitchen_1674712726_3024031985500067177_30356002527.jpg,"DIEEGO

SEI SERIES

ASAL-USUL SEI

   
 

SWIPE >>>
"
dietgo.kitchen_1674971448_3026202307242359594_30356002527.jpg,"DIEEGO

TIRES SSS

MENU SEI MANA YANG KAMU SUKA DARI DIETGO?

 
"
dietgo.kitchen_1674712726_3024031985499901353_30356002527.jpg,"DIEGGO Oo

 

Daging sei atau sei adalah daging asap khas berasal dari Provinsi Nusa Tenggara Timur.
Asal mula daging sei berasal dari bahasa rote yang artinya daging yang diiris tipis
memanjang. Daging sei sendiri adalah makanan khas dari suku rote. Sei dimasak dengan
cara diasap. Apabila baru diasap, daging ini bisa langsung dimakan dengan mengirisnya
tipis, namun apabila daging ini telah disimpan beberapa hari, maka harus digoreng
kembali atau dimasak dalam tumisan sayur mayur.
"
dietgo.kitchen_1674712726_3024031985508475592_30356002527.jpg,"DiébGO ©

BERMANFAAT?

Jangan lupa LIKE, SAVE,
dan SHARE postingan ini ya!

Like dan Share Save untuk
jika kamu suka lihat lagi nanti
"
dietgo.kitchen_1674197449_3019709529088046419_30356002527.jpg,"DIEEGO

a Aa)

MANA MENU KESUKAANMU?

 
"
nutribrew.id_1674226331_3019951814148903451_44183044114.jpg,"DIEGGO

Minuman Segar olan Enak

NUTRIBREW

DENGAN RENDAH KALORI!

Emang ada minuman segar dan enak
dengan rendah kalori?

RP, ‘e eee
<M Se
cP ~

~
cs ~

    

 

ADA!

ES KOPI SUSU BEE POLLEN
150,56 kcal | 4,7 protein | 3,72 fat

ES KOPI SUSU PLANTBASED
123,46 kcal | 4,5 protein | 3 fat
"
dietgo.kitchen_1673663980_3015234469006517959_30356002527.jpg,"DIEEGO

MAGER?
GAK PUNYA WAKTU?

Dari sekian banyak orang yang hendak berdiet
memiliki satu permasalahan utama yaitu tidak
mempunyai waktu untuk menyiapkan
makanan dietnya

Cek slide berikutnya!

 
"
dietgo.kitchen_1673663980_3015234469081999613_30356002527.jpg,"DIECGO

DIETGO KITCHEN
ADALAH SOLUSI!

 

Kamu dapat berlangganan melalui subs
selama beberapa waktu atau cukup pesan di
merchant ojek online kamu _ sudah_ bisa
memiliki asupan makan diet harianmu!
"
dietgo.kitchen_1673420620_3013193019385437237_30356002527.jpg,"DIECGO

3 OLAHRAGA

iC UTIMUDAH
DILAKUKAN!

SWIPE TO KNOW MORE —>

 
"
dietgo.kitchen_1673420620_3013193019360051967_30356002527.jpg,"Diét co coe

JOGGING

Jogging bisa menjadi cara yang baik untuk menurunkan berat
badan jika dilakukan dengan konsisten. Pada waktu 30 menit,
Anda dapat membakar kalori antara 300 hingga 379, tergantung
pada kecepatan dan intensitas.

#EduGo

 
"
dietgo.kitchen_1673420620_3013193019427177897_30356002527.jpg,"Disvco em

RENANG

Berenang merupakan alternatif olahraga yang sangat
menyenangkan guna membantu turunkan berat badan.
Kosongkan waktu anda minimal 1x seminggu untuk lakukan
olahraga ini.

#EduGo

 
"
dietgo.kitchen_1673342301_3012536030770523237_30356002527.jpg,"    

KAMU PILIH MANA?

BANYAK NGEMIL

TAPI SEDIKIT MAKAN

TULIS DI KOLOM KOMENTAR YA!
"
dietgo.kitchen_1673420620_3013193019427181951_30356002527.jpg,"DIEEGO

LOMPAT TALI

Walaupun gerakan lompat tali ini terlihat mudah, jangan abaikan
manfaatnya untuk rencana diet kamu. Sebab, lompat tall
memiliki Kemampuan yang sama untuk membakar kalori seperti
jogging.

#EduGo

 
"
dietgo.kitchen_1671950728_3000862666939211069_30356002527.jpg," 
"
dietgo.kitchen_1672553465_3005918793590663012_30356002527.jpg,"DIECGO

 

NEW YEAR 2023
"
dietgo.kitchen_1671950728_3000862666939226823_30356002527.jpg,"DIEEGO

CLristmas

SPECIAL
PROMO

 

Rp. 83.650 +

Sei Ayam with Brown Rice + Pita-C

   

Available on

fa ShopeeFood
"
dietgo.kitchen_1671950728_3000862666872181114_30356002527.jpg,"DIEEGO

CAristmas

SPECIAL
PROMO

DiésGo x @

Nutribrew

Bp-68-625—

Rp. 57.850 + 5

Available on

fl ShopeeFood

 
"
dietgo.kitchen_1671950728_3000862666863909886_30356002527.jpg,"DIEEGO

CAristmas

SPECIAL
PROMO

| LIDAH

WITH BROWN RICE

BpAsoso-

Available on

 
"
dietgo.kitchen_1671783103_2999456530256281169_30356002527.jpg,"DIEEGO

TIPS TAHAN LAPAR
DENGAN AIR PUTIH

+ Minumlah 1-2 gelas air putih agar mengisi perutmu sebelum makan,
ini bisa membantu kamu cepat kenyang

+ Minumlah 1 gelar air putih sepanjang hari untuk mengganjal perut
bagi kamu yang sedang diet

+ Lakukan secara konsisten ya!

#EduGo
"
dietgo.kitchen_1671173320_2994341296063603469_30356002527.jpg,"DIEEGO

MEDITASI?
PENTING GA SIH?

Ternyata, Meditasi itu banyak manfaat nya Iho!
Meditasi adalah salah satu bagian penting untuk
kesehatan mental karena dapat memberikan
perasaan tenang, damai, dan seimbang. Kalo
kamu pengen ada tuntunan untuk meditasi,
Mimin ada rekomendasi nya Iho!

 
  
 
  
 
  

Cek slide berikutnya ya!

SWIPE >>>
"
dietgo.kitchen_1671436732_2996550958431225155_30356002527.jpg,"DIEEGO

 

Makan di Tempat atau Pesan Online?
DietGo bisa dua dua nya lho!

Kalo kamu mau makan di tempat bisa datang ke

Outlet DietGo di jalan Naripan no 34. ,
Kalo kamu tipe yang mageran,

Pesan dietgo lewat ojek online juga bisa kok!

 
"
dietgo.kitchen_1671173320_2994341296021560140_30356002527.jpg,"DIEEGO

HEADSPACE GUIDE TO MEDITATION

 

COBA DEH TONTON INI Di NETFLIX
"
dietgo.kitchen_1670910094_2992133194287222889_30356002527.jpg,"DIEGGO

     

eel
U/t+SAMBAL LUAT

SETIABUDI & NARIPAN

NLY
"
dietgo.kitchen_1671088313_2993628206644596300_30356002527.jpg,"  
  
    
 

DIEEGO

KAMU TIM
YANG MANA?

NASI PUTIH

~~

NASI MERAH

TULIS DI KOLOM KOMENTAR YA!
"
dietgo.kitchen_1670834791_2991501507283069691_30356002527.jpg,"GraoUnlimited

Yuk, merapat di setiap jam
10.00) 12.00 | 14.00) 17.00 | 19.00

 
"
dietgo.kitchen_1670834791_2991501507349982141_30356002527.jpg,"beers J

Sel cay
ioe Dict co BL iy i i) e
{

 
"
dietgo.kitchen_1670834791_2991501507358482700_30356002527.jpg,"I DIEGGO f |: mL, |

 

-, DISKONKILAT121214

 
"
dietgo.kitchen_1670834791_2991501507291467129_30356002527.jpg,"> | GraoFood x
PEO

2~--E hpas

LUNCH

(12 PM - 2 PM)

 

     
    
"
dietgo.kitchen_1670834791_2991501507274547964_30356002527.jpg,"= [ GradFood | Pm
SS
Dee Y

Pe pis

POST-DINNER

CH a)

 

   
"
dietgo.kitchen_1670493063_2988634885861933790_30356002527.jpg,"  

 

Akan Menampilkan:
Andi Danial

Benaya Manuel Likardi
Reynard Jeremy
Nadine Adrianna

   

i are de) 55
y

@ifey_way

Coffee & Mocktail

9 Desember 2022
19.00 - 21.30 WIB

DietGo Kitchen,
Jl. Naripan No.34 Bandung.
"
dietgo.kitchen_1670223188_2986371016653514821_30356002527.jpg,"Are k-arefk

SURUBUYU
OUTLET SURABAYA?
"
dietgo.kitchen_1670223188_2986371016720405730_30356002527.jpg,"D)(-KEC)OUTLET

SURABAYA
pu=tc7 Uy VY

JI. Kedondong no. 25, Tegar Sari

aN dh

JI. Klampis Anom | No.32,
RT 03 RW O05, Klampis Ngasem

 

gofood  GraoFood
"
dietgo.kitchen_1669438547_2979788969315028070_30356002527.jpg,"DIEGGO

7A):

FS Te

AKAN MENDAPATKAN
VOUCHER BELANJA DIETGO KITCHEN
CABANG NARIPAN/KB. PISANG

BANDUNG

DARI
GraoFood

ait B 000

| SWIPE Dy

 

 

      
 
"
dietgo.kitchen_1669438547_2979788969323417297_30356002527.jpg,"DIEGGO

SEBUTKAN HAL APA
YANG KAMU SUKA DARI

DIEGGO

KITCHEN?

2 Jawaban terbaik akan diberikan
Voucher Belanja sebesar Rp. 50.000

*VOUCHER BERLAKU SAMPAI
28 NOVEMBER 2022

  
"
dietgo.kitchen_1668493145_2971858358499801602_30356002527.jpg,"    

ROASTED
CHICKEN

378.5 Kcal
"
dietgo.kitchen_1667890415_2966802293068272352_30356002527.jpg,"DIEEGO

 

‘LETS

JAKARTA

 

9 Jl. Prof Dr Satrio no 75.(sebelah TIKI)

 

GraoFood

 

‘ DIETGO WEEKLY
“ CATERING

Available for Online Order
"
dietgo.kitchen_1667890415_2966802293068216230_30356002527.jpg," 
   

KUNINGAN JI. Prof Dr Satrio no 75.(sebelah TIKI)

BANDUNG

NARIPAN SETIABUDI ANTAPANI
Jl. Naripan No.34 Jl. Cipaku Indah Jl. Randusari Utara

oy Velo) PASIRLAYUNG CIBADUYUT
Jl. Cisitu Indah JI. Bungursari Cibaduyut Residence

ed Ya

JI. Budi, Cimahi

 

gofood | GraoFood a CATERING
"
dietgo.kitchen_1667890415_2966802293059795775_30356002527.jpg,"JAKARTA

PEJATEN KEBON JERUK PURI

Jl. Jatipadang Utara, Jl. Arjuna Utara, Jl. H. Mading,
Jakarta Selatan Jakarta Barat Jakarta Barat

CEMPAKAPUTIH KALIBATA KUNINGAN

JI. Cempaka Putih Raya, ROP SN VL Cl ok-1-) [oPaa Fal Moyer a by eerie
Jakarta Pusat Jakarta Selatan no 75.(sebelah TIKI)

SURABAYA

TEGAL SARI edt

Jl. Tegal Sari, Surabaya Jl. Lampis, Surabaya

 

gofood | GraoFood oe CATERING
"
dietgo.kitchen_1667813421_2966156420416081127_30356002527.jpg,"DIEGGO

Healthy facts!

MINUMAN BOBA

\= yay

EW Tay ey-W

  
    

#HealthyFacts
"
dietgo.kitchen_1667470132_2963276706072616290_30356002527.jpg,"  

DIEG GO

yA

Healthy
\YOne

SSDs oN

 
"
dietgo.kitchen_1667470132_2963276706005513952_30356002527.jpg,"nico ako

MEMBANTU DIET MU DAN
—; * MENCEGAH DARI DIABETES

aS] Cera
Og  » with POTATOES
Ca >= = 7+ Cinnamon Citrus

DIET ENAK DAN MEMPERLANCAR

: ~ « BUANG AIR BESAR
a ~~ SEI AYAM
eZ CATON) ss
4 ” ape lmicecem iL
ES }

 
"
dietgo.kitchen_1667470132_2963276706005510754_30356002527.jpg,"neice ak

MELAKUKAN DIET SEHAT & AMAN
3 a DARI TEKANAN DARAH TINGGI

GRILLED CHICKEN
with LEMONILO

+ Royal Roselle

MAKAN SEHAT DAN MENAIKAN
#IMUN TUBUH MU

SEI AYAM
with BROWN RICE
+ Pita-C

 
"
dietgo.kitchen_1667300410_2961852970987626466_30356002527.jpg,"DIEEGO

   

>

M os [
Z (~ ‘
| es 7 @

 

 
"
dietgo.kitchen_1667470132_2963276706005592267_30356002527.jpg,"Bc ake 4

5 DIET KENYANG DENGAN MENJAGA

a KOLESTEROL MU

6 COCOK BAGI YANG SUKA
« STRESS/OVERTHINKING

 
"
dietgo.kitchen_1667300410_2961852970995873632_30356002527.jpg,"”

‘Age
184.dem | 31

Analysis

al amount of waterin body Total Body Water

Forbuling mscies
For strengthening bones
For storing excess eneray
Sum ofthe above

Body Fat Mess)

Obesity Analysis

Protoin
Minerals
Body Fat Mass
Weight

{inBody270}

Gender | Test Date / Time

Male | 27.09.2022, 11:23

ma98
300-475
0-180

e5-060

— I 24 0

BML. CO 7G

PBF

= 32.69
107.6%
Normal

11.349

40

cam 27 3

115.5%
Over

11.989
108.5% —

‘Normal

1Akg
170.8%
‘Over

287.6%

DIEEGO

InBodty Score
81 100m

Toa sore that elt the evan of boy
SRN Amery may ae he

‘Weight Control

Tape eit 258

WegttConrd = 81g

FetConto!, -81%9

sce Gono 00 te

Obesity Evaluation

BMI Namal Unter

POF Namal Slightly
Waist-Hip Ratio.

|
Visceral Fat Level

Lad 9

Research Parameters.
FatFreellass — 72.9%— ( 72009)
SesdMcRae 1946 kew ( 1922-2208
‘Obesty Degee 126% ( s0-110
su 93 t0
eomnendctertde 2629 ke

|p

Calorie Expenditure of Exercise
cat 165 | cata
Woking 108 yoga
Beamntn 212) Tate Tei

282| eying

282| ascketoa

306] Jumping Repe

329) Jaan

328] suing

470 | Racket

470 | Takvonds
Basen ju ate wht
Teeeden Beene aren
Impedance

RA TA TR RL UL

Zoey Wun 2502 2685 BS 7180 2247

MASIH
RAGU?

Body Composition History Outs 2316 7302 202 1021 1988

1028 4999
won | ES 1009 og
sim mE RE as
Phan | 282s

 
"
dietgo.kitchen_1667300410_2961852971063019063_30356002527.jpg,"DIEGGO

KALAU MASIH RAGU

Yuk daftar melalui link di bawah ini!

bit.ly/DietGoSubs

 
"
dietgo.kitchen_1667300410_2961852970987568569_30356002527.jpg,"DIEEGO

 
"
dietgo.kitchen_1665734049_2948713386623733346_30356002527.jpg,"DIEGCGO 4)

Jus buah banyak diminat karena sangat praktis dan mudah didapatkan,
bahkan bisa diminum di mana saja. Namun, tahukah kamu bahwa minum
jus buah belum tentu sehat?

Berikut alasan mengapa kamu sebaiknya mempertimbangkan
ulang sebelum mengonsumsi jus buah.

SWIPE >>>

 
"
dietgo.kitchen_1665734049_2948713386548204770_30356002527.jpg,"DIEEGO

  
 

NS

BUAH SEGAR

#EduGo
"
dietgo.kitchen_1665734049_2948713386556678222_30356002527.jpg,"DIEEGO ©

Jus Buah Mengandung Bahan Kimia

Hampir seluruh produk jus buah yang tersedia di pasar swalayan mengklaim

bahwa produk mereka adalah ekstrak alami buah. Jus kemasan yang beredar sekarang
memang mengandung eksrak buah asli, tetapi berapa banyak kandungan ekstrak

buah segar tersebut?

Ternyata, tidak 100% kandungan dalam jus kemasan merupakan ekstrak dari buah aslinya.
Jus buah kemasan bahkan mengandung zat aditif untuk menguatkan rasa.

Makan Buah Segar Lebih Banyak Serat

Jus memang masih mengandung banyak kandungan positif seperti vitamin, mineral, dan
fitonutrien (zat kimia tanaman) yang ditemukan dalam buah, namun makan buah segar
memberikan banyak serat sehat yang tidak terdapat dalam jus buah. Proses pembuatan

jus menghilangkan kandungan serat ini. Serat memiliki manfaat yang baik untuk kesehatan,
hususnya kesehatan pencernaan. Serat dapat membantu kamu merasa kenyang lebih lama
dan membantu mengontrol berat badan.

Jus Buah Tinggi Gula

Salah satu alasan mengapa kamu harus makan buah segar adalah kandungan gulanya
yang tidak berlebih. Stanford Children’s Health menyatakan bahwa salah satu kandungan
terbesar yang ada pada jus buah kemasan adalah gula. Dalam satu jus apel kemasan,
terdapat kandungan gula hampir sebesar 30 gram atau setara dengan 10 sendok teh.
"
dietgo.kitchen_1665734049_2948713386573481899_30356002527.jpg,"DIEGGO ©)

BERMANFAAT?

Jangan lupa LIKE, SAVE,
dan SHARE postingan ini ya!

Like dan Share Save untuk
jika kamu suka lihat lagi nanti
"
dietgo.kitchen_1665386303_2945796282769632054_30356002527.jpg,"TRU Te

KAN SEHAT

TAPI GAK OLAHRAGA

 
"
dietgo.kitchen_1665212490_2944338230157732458_30356002527.jpg,"DIEEGO

MADU LEBIH COCOK
UNTUK DIET
DARIPADA

 
"
dietgo.kitchen_1665212490_2944338230149160702_30356002527.jpg,"DIEEGO @

GULA ATAU MADU, MANA YANG
SEBAIKNYA DIKONSUMSI DALAM
MENJALANI DIET?

Jawaban:

Keduanya sama. Hitung-hitungan yang cermat perlu diterapkan
untuk mendapatkan efek yang diharapkan saat menggunakan gula atau madu.

Menurut American Heart Association, konsumsi gula per hari sebaiknya dibatasi,
yaitu sebanyak 6 sendok teh untuk wanita dan 9 sendok teh untuk pria,

sedangkan 1 sendok makan madu setara dengan 3 sendok teh gula. Apabila ingin
mengganti konsumsi gula harian dengan madu, takaran harus dikurangi sepertiganya.
Cukup 2 sendok makan madu untuk wanita dan 3 sendok makan untuk pria.

Madu ternyata mengandung sedikit lebih banyak nutrisi daripada gula,
yaitu sebanyak 70 kalori.

Jadi, baik madu ataupun gula ternyata sama-sama

dapat menghambat program mengurangi

berat badan. Perbanyaklah asupan makanan

seperti sayur dan buah dalam program

mengurangi berat badan Anda.

 
"
dietgo.kitchen_1665212490_2944338230224667973_30356002527.jpg,"DiébGO @

PA WE As

Jangan lupa LIKE, SAVE,
dan SHARE postingan ini ya!

Like dan Share Save untuk
jika kamu suka lihat lagi nanti
"
dietgo.kitchen_1664522816_2938552822815697112_30356002527.jpg,"DIEEGO

CUES

NGACA SETELAH
SATU HARIP)]/=4)

 
   
"
dietgo.kitchen_1664346839_2937076623706720065_30356002527.jpg,"DIEEGO

 
"
dietgo.kitchen_1664196023_2935811490858895670_30356002527.jpg,"DIEEGO

Inih\yang]ngakunyaingantuk?)

 

 

 

Kalianjtaulgajsihimanfaatidari)
menhpatentiirnpetapyY?
"
dietgo.kitchen_1664196023_2935811490858741688_30356002527.jpg,"DIECGO

COCCHI CAAA PACD
MENDAPATKAN)TIDUR\YANGICUKUP.

- Meningkatkan sistem kekebalan tubuh
- Meningkatkan mood dan mengurangi stress
- Meningkatkan Produktivitas dan

performa olahraga
"
dietgo.kitchen_1664196023_2935811490934186626_30356002527.jpg,"DIEEGO

PA WE es

Jangan lupa LIKE, SAVE,
dan SHARE postingan ini ya!

Like dan Share Save untuk
jika kamu suka lihat lagi nanti
"
dietgo.kitchen_1663916703_2933468378194952068_30356002527.jpg,"DIEEGO

Ani, gorengan
kemarin masih

 

Aku beli lagi ya? Cukup Rhoma!
"
dietgo.kitchen_1663995627_2934130441833525354_30356002527.jpg,"     

DIEEGO
"
dietgo.kitchen_1663564157_2930511013182999970_30356002527.jpg,"    
    

DIEGGO

ms

0 #MITOSATAUFAKTA

TURUNNYA BERAT BADAN,
HARUS MENAHAN LAPAR?

#mitosataufakta Swipe >>

 
"
dietgo.kitchen_1663752660_2932092290847767969_30356002527.jpg," 

DIEEGO

PESAN DIETGO
LEWAT OJOL

Banyak diskonnya, lho!
GraFood a”

 

DIETGO WEE!
CATERING

 
"
dietgo.kitchen_1663813510_2932602734339634695_30356002527.jpg,"DIEGGO

KAMU
TIM MANA?

 
   

\ <a
TRY

NASI MERAH

   

KENTANG
"
dietgo.kitchen_1663564157_2930511013183025687_30356002527.jpg,"DIEEGO

 
 
   
   
 
  

 

an lapar justru berpotensi menyebabkan
dan, hal ini dikarenakan nafsu makanmu
enjadi lebih besar. Kamu mungkin akan

rsi yang banyak karena kamu sudah memiliki
elumnya. Selain itu, Kamu akan mengalami

i dan energi.

 
"
dietgo.kitchen_1663564157_2930511013191383765_30356002527.jpg,"DIEEGO

PA WE Aes

Jangan lupa LIKE, SAVE,
dan SHARE postingan ini ya!

Like dan Share Save untuk
jika kamu suka lihat lagi nanti
"
ginafoodgallery_1663332149_2928564784553408470_41710965070.jpg," 
"
ginafoodgallery_1663332149_2928564784561673079_41710965070.jpg," 
"
ginafoodgallery_1663332149_2928564784947687864_41710965070.jpg," 
"
dietgo.kitchen_1663303687_2928326030452389205_30356002527.jpg,"DIEEGO

 

1. Kehilangan Diskon Besar

Dietgo bukan hanya menyehatkan kesehatan, namun bisa menyehatkan kantong kamu juga, lho!
Dietgo telah bermitra dengan seluruh ojol favorit kamu. Banyak diskon besar-besaran yang bisa
kamu dapatkan dengan mudah. Meluncur sekarang ke aplikasinya yuk!

2. Kehilangan Makan Sehat

Dietgo memperhatikan seluruh kalori yang akan disajikan dalam menu. Dalam satu paket Dietgo,
kamu bisa mendapatkan seluruh item lengkap mulai dari karbohidrat, protein, hingga vitamin.
Bahaya banget kalau sampai dilewatkan, kan?

3. Kehilangan Kenyamanan

Dietgo memperhatikan aspek kenyamanan konsumen. Package Dietgo didesain untuk seluruh
kalangan. Kamu bisa dengan mudah membuka package Dietgo. Bukan hanya package, cara
mendapatkannya bahkan lebih mudah lagi! Cukup duduk cantik di depan TV makanan kamu siap
diantar ke depan rumah. Tunggu apa lagi?
"
ginafoodgallery_1663332149_2928564784553512752_41710965070.jpg," 
"
dietgo.kitchen_1663039326_2926108410063954907_30356002527.jpg,"DIEEGO

AKU SAAT
WeNUIDIET

Also Me

  
"
dietgo.kitchen_1663156869_2927094435049499194_30356002527.jpg,"    
 

Neecer
hn
| KEMANAG MA
"
dietgo.kitchen_1662952713_2925381846560999656_30356002527.jpg,"DIEEGO

 
"
dietgo.kitchen_1662952713_2925381846569506197_30356002527.jpg,"DIEEGO

DISCOUNT
10 elo
"
dietgo.kitchen_1662952713_2925381846561059203_30356002527.jpg,"DIEEGO

DISCOUNT
58% + 10%

traveloka”

 
"
dietgo.kitchen_1662952713_2925381846636669122_30356002527.jpg,"DIEEGO

DISCOUNT
29% + 55%
"
dietgo.kitchen_1662952713_2925381846577849502_30356002527.jpg,"DIEEGO

DISCOUNT
XE 4,

GraoFood
"
dietgo.kitchen_1662606149_2922474657672562737_30356002527.jpg,"DIEEGO

(lasik Ragu
CEES) MERAH?
MANFAAT INI BISA

BIKIN KAMU —
UBAH PIKIRAN!

   

#education
"
dietgo.kitchen_1662952713_2925381846569438847_30356002527.jpg,"DIEEGO

AVAILABLE AT

Bandung Outlets :
Naripan, Antapani,
Setiabudi

Jakarta Outlets:
Pejaten, Kebon Jeruk

Surabaya Outlets :
Tegalsari, Kiampis
"
dietgo.kitchen_1661834277_2915999724293510419_30356002527.jpg,"DIEEGO

5 MANFAAT
MENJAGA
POLA HIDUP

#EduGo

 
"
dietgo.kitchen_1662606149_2922474657722829628_30356002527.jpg,"DIEEGO

PA WE Aes

Jangan lupa LIKE, SAVE,
dan SHARE postingan ini ya!

Like dan Share Save untuk
jika kamu suka lihat lagi nanti
"
dietgo.kitchen_1662606149_2922474657630558990_30356002527.jpg,"DIEEGO

Menurunkan Berat Badan

Beras merah yang sudah dimasak menjadi nasi hanya memuat 45 gram karbohidrat
dan serat di dalamnya. Hal ini dapat memberi efek kenyang lebih lama. Tingginya
kandungan serat bermanfaat membasmi endapan lemak dalam usus besar.

Indeks Glikemik Rendah

Indeks glikemik (GI) beras merah cenderung rendah, yaitu sekitar 55. Konsumsi nasi
merah tidak akan menyebabkan lonjakan gula darah.

Terkhusus bagi kamu yang sedang menjalani diet untuk penderita diabetes, kon-
sumsi beras merah bisa menjadi alternatif sumber karbohidrat yang lebih aman.

Menjaga Kesehatan Tubuh

Beras merah termasuk jenis biji-bijian utuh tanpa proses penggilingan sehingga
nutrisinya tetap utuh dan memiliki banyak khasiat.

Selain itu, kandungan senyawa lignan pada beras merah berfungsi untuk mem-

bantu menurunkan kadar gula darah serta kolesterol jahat penyebab penyakit
kardiovaskular.

#education
"
dietgo.kitchen_1661834277_2915999724293467453_30356002527.jpg,"DIEEGO

PA WE es

Jangan lupa LIKE, SAVE,
dan SHARE postingan ini ya!

Like dan Share Save untuk
jika kamu suka lihat lagi nanti
"
dietgo.kitchen_1661834277_2915999724293359861_30356002527.jpg,"DIEGGO

Meningkatkan Mood Positif

Pola hidup sehat bisa membangun proses berpikir menjadi lancar dan meningkat-
kan suasana hati terasa lebih bahagia.

Memperpanjang Usia

Sebuah studi yang dilakukan oleh American Council berhasil membuktikan bahwa
orang yang rutin melakukan jalan kaki setiap 30 menit dapat memperpanjang kes-
empatan mereka untuk hidup lebih lama. Studi ini sempat dilakukan dan melibat-
kan 13.000 orang.

#EduGo
"
dietgo.kitchen_1661834277_2915999724293465327_30356002527.jpg,"DIEEGO

Menjaga Imun Tubuh

Kekonsistenan dalam menjaga pola hidup yang dibangun dengan tepat dapat
membuat tubuh terlindungi dari berbagai macam penyakit. Menu makanan pun
menjadi salah satu faktor yang dapat meningkatkan metabolisme tubuh bekerja
lebih maksimal.

Memacu Energi dan Semangat Baru

Pola makan yang seimbang, teratur, dan bergizi mampu meningkatkan produksi
energi dalam tubuh. Selain memang menjadi syarat hidup sehat, pola makan yang
baik harus diimbangi dengan istirahat dan olahraga yang cukup.

Mengontrol Berat Badan

American Dietetic Association (ADA) menyatakan bahwa manfaat dari penerapan
pola hidup sehat adalah mampu membuat berat badan lebih terjaga.

#EduGo
"
dietgo.kitchen_1661774254_2915496218641991240_30356002527.jpg,"DIEEGO

SUDAHKAH
KAMU MINUM
AIR PUTIH?7 i

#EduGo

 
"
dietgo.kitchen_1661774254_2915496218641968125_30356002527.jpg,"DIEEGO

PA WE Aes

Jangan lupa LIKE, SAVE,
dan SHARE postingan ini ya!

Like dan Share Save untuk
jika kamu suka lihat lagi nanti
"
dietgo.kitchen_1661774254_2915496218642038571_30356002527.jpg,"DIEGGO

Air Putih

Tahukah kamu bahwa tubuh manusia terdiri dari 60-70% air?

Setiap hari manusia dapat kehilangan air dalam jumlah cukup
banyak akibat dari aktivitas-aktivitas yang dilakukan. Oleh karena itu,
penting bagi kamu untuk menjaga kadar air dalam tubuh!

Secara umum setiap manusia memerlukan 2 liter atau 8 gelas (250ml)
air putih setiap harinya. Aktivitas sehari-hari kadang membuat

kamu lupa minum. Hal ini dapat menyebabkan asupan air ke dalam
tubuh tidak maksimal. Mengingat tubuh manusia yang sangat
membutuhkan air, mulai hari ini jangan lupa untuk minum air putih ya!

Sayangi tubuhmu dengan minum air putih
secara cukup setiap hari!

#EduGo
"
dietgo.kitchen_1661603653_2914065111421580791_30356002527.jpg,"DIEEGO

PA WE Aes

Jangan lupa LIKE, SAVE,
dan SHARE postingan ini ya!

Like dan Share Save untuk
jika kamu suka lihat lagi nanti
"
dietgo.kitchen_1661603653_2914065111421798781_30356002527.jpg,"DIEEGO

Jalan Kaki Pagi

Merupakan olahraga paling sederhana yang dapat
dilakukan dimana saja loh! Berjalan kaki selama 30
menit dengan kecepatan sedang mampu membakar
sekitar 130 kalori. Apalagi kalo olahraga ini dibarengi
oleh diet sehat, Pasti berat badan kamu akan lebih
cepat menurun.

#EduGo
"
dietgo.kitchen_1661603653_2914065111429966589_30356002527.jpg,"DIECGO

 
 
  
 
   

ye
KAMU? JALAN
KAKI PAGI
BERMANFAAT
LOH!
"
dietgo.kitchen_1661574054_2913816818431217033_30356002527.jpg,"DIEEGO

HILANG MOTIVASI
DIET? COBA KEPOIN

 
"
dietgo.kitchen_1661574054_2913816818431219368_30356002527.jpg,"DIEGGO

Fat (2013)

   
"
dietgo.kitchen_1661574054_2913816818431223337_30356002527.jpg,"DIEEGO

PA WE Aes

Jangan lupa LIKE, SAVE,
dan SHARE postingan ini ya!

Like dan Share Save untuk
jika kamu suka lihat lagi nanti
"
dietgo.kitchen_1661574054_2913816818422656598_30356002527.jpg,"DIEEGO

Fat (2013)

Fat berkisah tentang Ken, pria overweight yang ketagihan sama
makanan. Meskipun temen-temennya sudah mengingatkan, tetapi Ken
tetep aja bertahan sama kebiasaan buruknya itu. Padahal, Ken teran-
cam mati muda karena adiksi makanan berlebihan.

Nah, meskipun Ken itu keras kepala, pada akhirnya dia mampu
mendapatkan motivasi yang dia butuhin. Kamu belum mendapatkan
itu? Coba tonton film ini. Mungkin kamu dapat motivasi yang sama
dengan Ken.

Check it out!
"
dietgo.kitchen_1661506371_2913249054381318776_30356002527.jpg,"DIEEGO

SUDAH KURUS,
MASIH PERLU
DIET?

  
"
dietgo.kitchen_1661506371_2913249054263873077_30356002527.jpg,"DIEEGO

Diet adalah

Serapan kata dari bahasa Inggris yang secara harfiah berarti “makanan yang biasa
dimakan”. Jika ditelisik lebih jauh lagi, sebenarnya kata “diet” berakar dari bahasa
Yunani Kuno yang artinya “cara hidup”.

Oleh karena itu, sebenarnya diet adalah kebiasaan makan yang menjadi gaya
hidup.

Istilah diet kini bisa diartikan rencana pola makan termasuk rekomendasi dan pan-
tangannya untuk mengelola kondisi tertentu.

Padahal, diet bukan semata dijalani agar berat badan turun. Pengaturan pola
makan memiliki banyak tujuan lain, tergantung setiap individu. Satu yang pasti:
diet yang sehat adalah kebiasaan makan makanan bergizi seimbang.

Jadi, bagi kamu yang merasa sudah kurus, diet tetap diperlukan ya.

   

Jaga dietmu untuk tubuh Sehatmu!
"
dietgo.kitchen_1661506371_2913249054280693085_30356002527.jpg,"DIEEGO

BERMANFAAT?

Jangan lupa LIKE, SAVE,
dan SHARE postingan ini ya!

Like dan Share Save untuk
jika kamu suka lihat lagi nanti
"
dietgo.kitchen_1661412172_2912458851275783819_30356002527.jpg,"DIEGGO

MITOS

Tidak ada bukti bahwa disaat makan di malam hari bisa bikin kamu gemuk,
akan tetapi, Kamu harus tetap jaga asupan makanan yang kamu makan

dan hindari makanan yang memiliki kalori tinggi.

Lalu, Hindari makan dengan porsi yang besar sebelum tidur agar mengurangi
risiko gangguan pencernaan dan ulu hati.

#mitos ataufakta
"
dietgo.kitchen_1661412172_2912458851141789667_30356002527.jpg," 

#MITOSATAUFAKTA

MAKAN MALAM
HARI BISA BIKIN
GEMUK?

#mitosataufakta Swipe >>
"
dietgo.kitchen_1661391522_2912285630278837029_30356002527.jpg,"DIEGGO

   

PESAN LEWAT GOJEK
Tambahan Diskon 9K
Min Order 60K

*Pembayaran via Kartu Pembayaran, GoPay, atau PayLater
"
dietgo.kitchen_1661412172_2912458851141609342_30356002527.jpg,"DIEEGO

BERMANFAAT?

Jangan lupa LIKE, SAVE,
dan SHARE postingan ini ya!

Like dan Share Save untuk
jika kamu suka lihat lagi nanti
"
dietgo.kitchen_1661337498_2911832446628409688_30356002527.jpg,"DIEEGO

BERMANFAAT?

Jangan lupa LIKE, SAVE,
dan SHARE postingan ini ya!

Like dan Share Save untuk
jika kamu suka lihat lagi nanti
"
dietgo.kitchen_1661337498_2911832446628421020_30356002527.jpg,"DIEEGO

Dada Ayam

Dada ayam merupakan daging yang memiliki protein
yang tinggi dan rendah kalori loh! Per 100 gram daging
ayam memiliki kandungan 0 gram serat, dengan 29 gram
protein dan 195 kalori. Sementara pada 85 gram dada ayam,
dapat mengandung sekitar 100 kalori.

   
 
  

Telur

Dalam satu butir telur terdapat 72 kalori
dengan 6 gram protein, dan terdapat vitamin
dan mineral yang penting bagi tubuh.

Kentang

Kentang merupakan salah satu opsi pengganti nasi
karena kentang termasuk salah satu sayuran yang
memiliki kalori yang rendah, yaitu yakni dalam 100 gram
kentang itu terdapat sekitar 3 gram serat dengan 2,6 protein
dan 144 kalori.

#gofacts
"
dietgo.kitchen_1661337499_2911832446796120452_30356002527.jpg,"DIEEGO

Catat

3 MAKANAN_

YANG BIKIN KAMU
TIDAK AKAN MERASA
BERSALAHSAAT
VSI

  

#gofacts
"
dietgo.kitchen_1661229707_2910928228077807784_30356002527.jpg,"DIEEGO

pear

ANN aN

  

KALIBATA

 

9 Apartemen Kalibata City

 

GrasFood

 

\) traveloka® DIETGO WEEKLY
CATERING
"
dietgo.kitchen_1661229707_2910928227952198432_30356002527.jpg,"KALIBATA JI. Raya Kalibata No. 1, Jakarta Selatan

BANDUNG

NARIPAN SETIABUDI ANTAPANI

JI. Naripan Jl. Cipaku Indah JI. Randusari Utara

DAGO PASIRLAYUNG CIBADUYUT

JI. Cisitu Indah Jl. Bungursari Cibaduyut Residence

CIMAHI

JI. Budi, Cimahi

 

‘ traveloka© DIETGO WEEKLY
gofood GraoFood CATERING
"
dietgo.kitchen_1661229707_2910928228078021387_30356002527.jpg,"JAKARTA

PEJATEN d= fel Bela el 4 ea UTS

Jl. Jatipadang Utara, JI. Arjuna Utara, JI. H. Mading,
Jakarta Selatan Jakarta Barat Jakarta Barat

CEMPAKA PUTIH KALIBATA

JI. Cempaka Putih Raya, JI. Raya Kalibata No. 1,
Jakarta Pusat Jakarta Selatan

SURABAYA

TEGAL SARI dN dh

JI. Kedondong, Tegalsari, Pa Elan) icw-Varel anne
Kota Surabaya Klampis, Kota Surabaya

 

r traveloka© DIETGO WEEKLY
gofood GraoFood CATERING
"
dietgo.kitchen_1659000209_2892225845415855163_30356002527.jpg,"DIEGGO

STIPSFOR
HEALTHIER &
EYES!

AM,
Gat ieed ty' 7 y
¥ ‘
“

  

#EduGo
"
dietgo.kitchen_1659000209_2892225845264894094_30356002527.jpg,"DIEGGO

MENKONSUMSI MAKANAN SEHAT

Dengan menkonsumsi makanan sehat, nutrisi asam lemak omega-3, zinc, vitamin C dan E dapat
membantu mencegah Masalah penglihatan seperti degenerasi makula dan katarak.

HINDARI ROKOK

Selain buruk untuk kesehatan paru-paru, ternyata merokok juga meningkatkan resiko gangguan,
mata seperti katarak dan kerusakan pada saraf retina.

TIDUR YANG CUKUP

Memiliki waktu tidur yang cukup dan berkualitas sangat penting untuk menjaga kesehatan mata
yang akan berpengaruh dalam meningkatkan penglihatan.

RUTIN MEMERIKSAKAN MATA

Pemeriksaan mata tidak hanya dilakukan ketika Anda sudah memiliki gangguan pada mata.
Namun, hal ini perlu dijadikan kebiasaan dan dilakukan secara teratur

HINDARI MELIHAT SMARTPHONE TERLAULU LAMA

Memang sulit untuk beraktvitas Tanpa smartphone atau gadget, tetapi pastikan Jangan
memakai smartphone terlaulu lama karena akan.

#EduGo
"
dietgo.kitchen_1659000209_2892225845508172353_30356002527.jpg,"DIEGO ©

BERMANFAAT?

Jangan lupa LIKE, SAVE,
dan SHARE postingan ini ya!

Like dan Share Save untuk
jika kamu suka lihat lagi nanti
"
dietgo.kitchen_1658902369_2891405096770315336_30356002527.jpg,"DIEEGO

GraoFood

 

Bandung Outlets

   
   

Swipe untuk >

info lengkapnya!

  
"
dietgo.kitchen_1658902369_2891405096896026208_30356002527.jpg," 

PERIODE 25 s.d 31 JULI

SAIKORO
ae

 

Eye Ty N= Y0\

SAMBALIJO )

 

DY sei SaPI BOWL

‘ SAMBAL BAWANG

 

SEI SAPI BOWL ©

EY. =y-( nt) Ca

 
"
dietgo.kitchen_1658555384_2888494382744129268_30356002527.jpg,"DietGO

DIECGO al Lesi-lalcss)

 

Eps. 4 rn G
| How Cycling Makes You Sa
Healthier and Happier 4

   

 

Syeler-) aig

Vale eolhda

Cycling Enthusiast, Sa Ree

Entrepreneur et

  
"
dietgo.kitchen_1658482949_2887886751701862243_30356002527.jpg,"DIEGGO Oo

NATTO

ADALAH MAKANAN KAS JEPANG

 

MAKANAN DARI HASIL FERMENTASI KACANG KEDELAI
YANG MEMILIKI TEKSTUR BERLENDIR, LENGKET,
DAN DILENGKAPI DENGAN SERABUT DI SEKELILINGNYA.

DI NEGERI ASALNYA, BIASA DISAJIKAN DENGAN NASI PANAS, SAYURAN,
DAUN BAWANG, DAN BUMBU SEPERTI MUSTARD KARASHI ATAU KECAP.

—wae- | @
#EduGo

 

 
"
dietgo.kitchen_1658482949_2887886751701763893_30356002527.jpg,"DIEEGO

3 Alasan
KENAPAL igteJSUPER

13 WEBUAT KAMU!

WALAUPUN BANYAK ORANG BILANG GA ENAK,
TERNYATA NATTO PUNYA BANYAK MANFAAT LHO!

 
"
dietgo.kitchen_1658482949_2887886751576069267_30356002527.jpg,"Diét’GO @

Pe ees

Jangan lupa LIKE, SAVE,
dan SHARE postingan ini ya!

Like dan Share Save untuk
Jika kamu suka lihat lagi nanti
"
dietgo.kitchen_1658482949_2887886751575898017_30356002527.jpg,"DIEEGO

MELANCARKAN PENCERNAAN

Penelitian dari Frontiers in Microbiology membuktikan bakteri Bacillus
memperlihatkan manfaat yang sama dengan probiotika terhadap usus
manusia. Artinya, ada kemungkinan bakteri pada natto ini bisa
melancarkan pencernaan.

MENINGKATKAN KESEHATAN TULANG

Kandungan kalsium dan vitamin K2 di dalam natto berfungsi
untuk menjaga kepadatan dan kesehatan tulang.

MEMPERKUAT SISTEM KEKEBALAN
TUBUH

  
 
 
 
 
 
 

Natto mengandung beberapa nutrisi yang dapat membantu memperkuat

sistem kekebalan tubuh. Makanan yang kaya probiotik seperti natto akan
mendukung pada flora usus yang sehat.

#EduGo

  
"
dietgo.kitchen_1658388062_2887090782305835350_30356002527.jpg,"DIEGGO

WHAT'S INSIDE

TN AND,
a4

CHICKEN NLS

  
 
 
 
 
 
  
        

TOMATOES

KYURI

LETTUCE

SALAD
DRESSING

N
Perea

—~
"
dietgo.kitchen_1658296844_2886325584733912542_30356002527.jpg,"DIEGGO

SALAD

sie) TE

<r ome

  

Pertenece
"
dietgo.kitchen_1658296844_2886325584784063280_30356002527.jpg,"DIEGGO

 
              
 
      
  

Rritkhcoker trae

ernie cuN Mines Mur On REC e
PINS eras)

 

320.28 Kcal |) 52.0 9 44.9 j 16.2

Ce cat

aaoayle

Rrra Mee oR ane e-em ER
Piers eres)

355.7 Kcal

      

25.4 449 13.2
og Carbs Protein
"
dietgo.kitchen_1658296844_2886325584733794972_30356002527.jpg,"Available on:

/

 

DIEGGO

Pa
PNA)

SPN ee oy OM TRE RS ore CSS)

301:5 Keal §2'2 42.2 8 9.2

Cay

 
"
dietgo.kitchen_1658296844_2886325584725370977_30356002527.jpg,"DIEGGO

 
               

GHICLED 6
1) ae ORY
Grilled Dori with Lettuce, Tomato, Kyuri,

Pine sees)

376.5 Keal cen Da)

Ce cT

hy

RSS Tonge Ce LOM THER ee esc)

oe 5 y 328Kcal 241 449 97

preere 4 ey

 
"
dietgo.kitchen_1658294791_2886308366194226150_30356002527.jpg,"SEil SAP!
Wadi td ROWIN RIGE

GRILLED GHIGKEN
wort BROWN RIGE

 
"
dietgo.kitchen_1658294791_2886308366194283666_30356002527.jpg,"Ny

DISTORTIO
MILES

ed

4
és
a

Ak

kis

as
i

LitiRty,

 
"
dietgo.kitchen_1658294791_2886308366370261250_30356002527.jpg," 
"
dietgo.kitchen_1658294791_2886308366202441041_30356002527.jpg,"DISTORTION II}

MILES

 
"
dietgo.kitchen_1658294791_2886308366353443450_30356002527.jpg," 

 

=
TTT
i's

[=
B56 i

a oe , 5\@ i

oe

 
"
dietgo.kitchen_1658294791_2886308366194114585_30356002527.jpg," 
"
dietgo.kitchen_1658294791_2886308366319958733_30356002527.jpg," 
"
dietgo.kitchen_1658294791_2886308366194218760_30356002527.jpg," 
"
dietgo.kitchen_1658219951_2885680565606897162_30356002527.jpg,"DIEEGO

PENGUMUMAN
PEMENANG!

@anisaanf26
@fannifazraf

@fidelyaelina

3 lunch package akan dibagikan untuk
3 orang pemenang.
"
dietgo.kitchen_1658294791_2886308366202630079_30356002527.jpg," 
"
dietgo.kitchen_1658219951_2885680565724290793_30356002527.jpg,"DIEEGO

Coba tebak, apa nama menu
di bawah?

 

Jawaban: Ricebowl Sei Lidah Sambal Ijo
"
dietgo.kitchen_1657704107_2881353353063692175_30356002527.jpg,"DIEEGO

 

Coba tebak, apa nama menu di atas?

Clue: Pengecap rasa
"
dietgo.kitchen_1657704107_2881353353063647743_30356002527.jpg,"DIEEGO

BNA
AVP)

I
| VOUCHER

 

' Lunch Package

ae) 3 pemenang
(Periode 13-18 Juli 2022)
"
dietgo.kitchen_1657523618_2879839299463795140_30356002527.jpg,"Ba isi)
Rha iid
¢

     
 

  

RNY Ce
Sty ADHA
"
dietgo.kitchen_1657523618_2879839299455410263_30356002527.jpg,"Di6GGO &

PE As

Jangan lupa LIKE, SAVE,
dan SHARE postingan ini ya!

Like dan Share Save untuk
jika kamu suka linat lagi nanti
"
dietgo.kitchen_1657523618_2879839299681886724_30356002527.jpg,"DIEEGO

Daging merah memiliki kandungan lemak tak jenuh dan kolesterol
jahat yang dapat memicu risiko gangguan jantung dan pembuluh
darah, jika kamu mengkonsumsinya secara berlebihan.

Lantas, Bagaimana cara menjaga
Kolesterol Tetap Normal?

& Mengkonsumsi sayuran dan buah tinggi serat, Mengkonsumsi lebih
banyak sayur dari jenis kacang-kacangan seperti kacang polong dan
buncis yang banyak mengandung serat larut dapat membantu
menurunkan kadar kolesterol.

@ Kurangi konsumsi makanan tinggi lemak, Usai Idul Adha, sebaiknya
mengurangi konsumsi makanan tinggi lemak jenuh, lemak trans, dan
membatasi makanan cepat saji. Pilihlah minyak sehat seperti minyak
zaitun untuk menggantikan mentega dan minyak goreng,

@ Olahraga rutin dan sarapan oatmeal, Oatmeal kaya akan nutrisi
sekaligus sumber serat larut yang dapat menurunkan kadar kolesterol.
Tak hanya itu saja, oatmeal juga dapat menurunkan risiko penyakit
Jantung. Selain itu, rutin berolahraga juga dapat membantu
menurunkan kolesterol jahat.

#factsinfo
"
dietgo.kitchen_1657358430_2878453598134256907_30356002527.jpg,"DIEGGO | Ae

 

 

Entrepeneur, Award Winning Adi Ramaditya
Hairstylist, Content Creator es:
Date: Monday, July 11° 2022 Time: 20.00 WIB Saar pecs irsecuia

Col(eatefom dideat-ia)
"
dietgo.kitchen_1657268893_2877702509831160371_30356002527.jpg,"DIEGGO

APA AJA ELUEAYVE'
JIKA TERLALU SERING
MENKONSUMSI

  

#EduGo
"
dietgo.kitchen_1657268893_2877702509831154628_30356002527.jpg,"DiétGO ®

Dampak dari seringnya mengonsumsi junk food

dapat mengakibatkan peningkatan lemak badan tidak
seimbang, sehingga bisa terjadi penuaan dini,

peningkatan penyakit degeneratif seperti diabetes mellitus,
hipertensi, penyakit jantung koroner, dan kanker.

#EduGo

 
"
dietgo.kitchen_1657268893_2877702509831230230_30356002527.jpg,"Dié«GO @

JUNK FOOD MERUPAKAN MAKANAN
YANG MEMPUNYAI KALORI TINGGI
DAN TIDAK ADA NILAI GIZINYA.

Junk food ada didalam makanan yang tinggi kadar garamnya, tinggi lemak,
mengandung soda, makanan yang mengandung bahan aditif (pengawet,
pemanis buatan, penambah cita rasa), makanan yang dimasak terlalu lama/
dihangatkan berulang-ulang.

#EduGo

 
"
dietgo.kitchen_1657268893_2877702509839636915_30356002527.jpg,"DiétbGO Q

PW eis

Jangan lupa LIKE, SAVE,
dan SHARE postingan ini ya!

Like dan Share Save untuk
Jika kamu suka lihat lagi nanti
"
dietgo.kitchen_1657089282_2876195820959354619_30356002527.jpg,"DIEGGO

CLAIM YOUR
ratte at

Diskon 55% s/d Rp23RB
ve) ShopeePay | | PartnerTertentu

Berakhir: 10 jam lagi

ShopeeFood

Diskon 25% s/d Rp100RB
ve)
Berakhir: 10 jam lagi
ShopeeFood

Diskon 35% s/d Rp40RB
Berakhir: 10 jam lagi
ShopeeFood

 

 

Available On [ive Breer)
"
dietgo.kitchen_1657009648_2875527804806416563_30356002527.jpg," 
"
dietgo.kitchen_1656992927_2875387541987362374_30356002527.jpg,"DIEGGO

1. IKAN BERLEMAK

Tingginya kadar asam lemak omega-3, vitamin E, dan seng
membuat ikan berlemak menjadi Sangat baik untuk kulit kamu!

2. SAYURAN HIJAU

Sayuran Hijau seperti kangkung, sawi, brokoli kaya akan vitamin K,
seng, dan zeaxhantin untuk mencegah jerawat dan meratakan warna kulit.

3. TOMAT

Manfaat likopen pada tomat membantu mencegah kerusakan kulit
akibat sinar UV matahari.

4. KACANG DAN BIJI-BIJIAN

Kacang dan biji-bijian kaya akan vitamin E yang menawarkan manfaat
antioksidan yang melindungi kulit

5. JAHE

Jahe sangat bermanfaat untuk kulit terutama jika kulit anda berjerawat,
psoriasis, dan eksim. Jahe juga dapat membantu mencegah kanker kulit

6. ALPUKAT

Selain enak, alpukat banyak manfaat untuk kulit seperti melembapkan kulit dan
meningkatkan elastisitas kulit

#EduGo
"
dietgo.kitchen_1656992927_2875387542113342737_30356002527.jpg," 

#EduGo

MAU KULIT KAMU
SEHAT DAN

GLOWING?

APA AJA SIH

MAKANAN YANG

PERLU KAMU KONSUMSI?

cek slide berikutnya ya!
"
dietgo.kitchen_1656992927_2875387542104947866_30356002527.jpg,"DiébGO ®

Pe es

Jangan lupa LIKE, SAVE,
dan SHARE postingan ini ya!

Like dan Share Save untuk
jika kamu suka lihat lagi nanti
"
dietgo.kitchen_1656670937_2872686494315659673_30356002527.jpg,"DiébGoO | P*c°

Talk Series

DIETGO Talk Eps. 2 (RECAP)

Why Choose Yoga?

   

According to
Yanuar Pratama
(Yoga Enthusiast and Award
Winning Architect)

SWIPE
"
dietgo.kitchen_1656755940_2873399549777341992_30356002527.jpg," 

  
      

~* .

™ 200ST YOUR Moco
TH HEALTHY Y.FOO
Wir joe

 

a
"
dietgo.kitchen_1656670937_2872686494307093163_30356002527.jpg,"DIéEt GO ates

“Yoga adalah olahraga yang paling mudah dilakukan
karena dimulai tanpa alat. waktu itu ketika kenaikan
berat badan hidup saya mulai berubah. Akibatnya gula
darah naik, asam urat, dan menyebabkan
masalah kesehatan lainnya.

Disitu saya mulai gak percaya diri dan ingin kurus,
yang saya pelajari olahraga tuh ga bikin kurus. Jangan
pernah menganggap bahwa kurus itu suatu tujuan,
tujuannya agar kita bisa menjadi orang yg lebih baik.
Dengan Yoga dan Meditasi kita bisa menyelaraskan
pikiran dan badan. Untuk itu alasan saya pilih Yoga,
karena hati saya menjadi terasa lebih tenang.”

-Yanuar Pratama
"
dietgo.kitchen_1656662049_2872611932987113370_30356002527.jpg,"DIEGGO

wm

kirarutami Kalau versiku itu pengen ke bb ideal
(sebelum balik kuliah offline ke 67, skrg 74).
Wisuda ku semakin dekat dan baju wisuda nya
ukuranku sebelum melebar lagi € sayang
kalau cari yang baru. sudah dua minggu
workout di support ama @dietgo.kitchen biar
deficit calori nya kecapai dan makronutrien
tetap kejaga. Semoga targetku ini kecapai
sebelum wisuda agustus akhir }-) #wicdietgo

 

Selamat Kepada:

@kirarutami
"
dietgo.kitchen_1656662049_2872611932987127291_30356002527.jpg,"DIEGGO

2nd WINNER

faq, citraeka_sari Hola salam sehat, aku sih
pengen ikut challenge ini karena aku pengen
kecilin perut , jadi selama ini makan itu karbo
nya banyak ( nasi padang 2 bungkus) hihi, lama
kelamaan celana ga muat lagi , dan merasa
begah, aku memutuskan untuk mengubah pola

makan dan harus workout , Nahhhh akhirnya
kutemukan dietgo dengan berbagai menu yg
enak ,sehat, dan bergizi pastinya.

semangat buat diet ya temen temen diluar
saya, fokus kepada tujuan masing masing dan
semoga berhasil #wlcdietgo

 

Selamat Kepada:

@citraeka_sari
"
dietgo.kitchen_1656662049_2872611932978756758_30356002527.jpg,"DIEGGO

PENGUMUMAN
PEMENANG!

Weight Loss Challenge

Selamat kepada 3 Pemenang “Weight Loss Challenge”

Para pemenang terpilih akan dikirimkan menu DietGO gratis
selama 2 minggu. Untuk syarat & ketentuan nya akan kami
kirim kan via DM Instagram ya!

Swipe untuk Lihat Para Pemenang! >
"
dietgo.kitchen_1656662049_2872611932987191676_30356002527.jpg,"DIEGGO

RceR I ak

vinnizahra Hi! Goas aku adalah punya badan
yang sehat dan turun berat badan Sering
beli dietgo di shopee food dan it's worth it!

Makanya aku mau ikutan challenge ini, supaya
program diet aku bisa lancar dan bahkan lanjut
trs setelah challenge ini, wish me luck!
#wlcdietgo

 

Selamat Kepada:

@vinnizahra
"
dietgo.kitchen_1656311817_2869673978534629098_30356002527.jpg,"Ada berapa Ricebowl
pada gambar di bawah?

 

Jawaban: 5 Ricebowl
"
dietgo.kitchen_1656311817_2869673978400461403_30356002527.jpg,"DIEGGO

SAUL
PEMENANG

@dianikarina
@eshaesmeraldamam

@zula_icka

5 Voucher Diskon 50RB di Grabfood yang akan
di bagikan untuk 5 Orang pemenang.
"
dietgo.kitchen_1656400478_2870417718742647469_30356002527.jpg,"Nutribrew

Healthy Coffee

Tea Series

No Worries with Zero Calories!
Rp 26525 @tacxelele)

Ice Strawberry

    
    
  

Tea
Ice Raspberry Ice Apple
Tea Tea a
9 is ie Sa

® gofood GravoFood fl ShopeeFood
"
dietgo.kitchen_1656144008_2868266294380039128_30356002527.jpg,"y(t GO ace

   

Wee ee
<a a ae are cae)

Work-Life Balance

 

Neen Tt ee ee Se a ee ee beta al Ca
Award Winning Architect TORE: Se

 
"
dietgo.kitchen_1656144008_2868266294371633036_30356002527.jpg,"DIEEGO

WOO LUT YA

 

PAKET LDS
untuk
“3 ORANG dengan pertanyaan terbaik""
"
dietgo.kitchen_1655893399_2866164032903856831_30356002527.jpg,"DIEGGO

aNd
arate

 

Ada 5 Voucher Diskon 50RB di Grabfood yang akan
di bagikan untuk 5 Orang pemenang.
"
dietgo.kitchen_1655893399_2866164033021382944_30356002527.jpg,"Ada berapa Ricebowl
pada gambar di bawah?

 

Sebelum jawab di kolom komentar, baca dulu
syarat dan ketentuan nya di slide selanjutnya ya!
"
dietgo.kitchen_1655893399_2866164033029702874_30356002527.jpg,"Syarat dan ketentuan

1. Follow dan Like Instagram @dietgo.kitchen

2. Sebutkan ada berapa Ricebowl di gambar pada slide ke-2
di kolom komentar

3. Mention 3 temen kamu untuk ikutan

4. 5 Voucher Diskon 50rb akan di bagikan untuk 5 orang
pemenang

5. Pemenang akan di umumkan tanggal 25 Juni 2022
"
dietgo.kitchen_1655796124_2865348024744260415_30356002527.jpg,"DIEEGO

KAMU SUKA BERMALAS-MALASAN?
YUK UBAH HIDUP KAMU AGAR LEBIH PRODUKTIF!

Kemalasan seringkali datang dalam bentuk sikap suka

menunda-nunda. Jika rasa malas ini tidak dilawan, ie.
tentunya akan membuat sifat ini makin sulit dihilangkan S2.
yang berimbas pada menurunnya produktivitas. ) eS

 
  

a
22;
Hr i

    
 

' Vergy sue? ifr. o7 7
J SD)
#EduGo — . m7 U U hidup yang lebih produktif.
mw, [SUV RDS \U),

 
"
dietgo.kitchen_1655796124_2865348024861705112_30356002527.jpg,"DIEGGO

1. TIDUR YANG CUKUP

Tidur yang cukup membuat anda lebih segar dan lebih bersemangat

2. OLAHRAGA PAGI HARI

Aktivitas fisik dapat melepas hormone endorphin yang membuat
tubuh dan pikiran lebih bahagia.

3. MENENTUKAN TARGET

Menentukan Target membuat kamu bisa fokus pada tujuan yang
diinginkan agar dapat mencapai impianmu.

4. HILANGKAN KEBIASAAN BURUK

Gunakan waktu kamu dengan bijak dengan menghilangkan
kebiasaan buruk kamu jika kamu ingin secara serius mencapai
tujuan besar dalam hidup.

5. PERBAIKI SISTEM MANAJEMEN WAKTU

Sistem manajemen waktu dapat menjadi pilihan paling efektif
dalam mengatur waktu.

#EduGo
"
dietgo.kitchen_1655796124_2865348024869887155_30356002527.jpg,"DIEGGO ©

Fa WE rs

Jangan lupa LIKE, SAVE,
dan SHARE postingan ini ya!

Like dan Share Save untuk
jika kamu suka lihat lagi nanti

 
"
dietgo.kitchen_1655451721_2862458966204241588_30356002527.jpg,"DIEGGO

re ILAN UNTUK
chats ba

Panggilan untuk kamu yang ingin atau sedang dalam program diet,
yuk ikutan Weight Loss Challenge bersama @dietgo.kitchen !

Syarat dan ketentuan:

1. Like, share, dan repost postingan ini di Insta Story

2. Comment Goals dan alasan kamu ingin ikut challenge ini
dengan #wicdietgo

3. DM ke instagram @dietgo.kitchen Nama dan No WA untuk
kami follow up jika terpilih

Jika kamu terpilih, kami akan mengirimkan menu DietGO
GRATIS setiap hari nya selama 2 minggu sebagai bentuk dukungan
kami terhadap program dietmu!

*Syarat & Ketentuan berlaku
"
dietgo.kitchen_1655451111_2862453853003876988_30356002527.jpg,"rey (e103 GO ee

 

 

~ Speaker

Dini Yulia \
MTEL

Psychologist a

ar eee
g Adi Ramaditya

5) Live at Instagram

Date: Sunday, June 19"" 2022 Time: 20.00 WIB Perch ta
"
dietgo.kitchen_1655451111_2862453853121390658_30356002527.jpg,"DIEEGO

WOO LUT YA

 

PAKET LDS
untuk
“3 ORANG dengan pertanyaan terbaik""
"
dietgo.kitchen_1655114567_2859630716673951319_30356002527.jpg,"DIEGGO

SAIKORO

BEEF BBQ
iS Lay to

oy To) tay

      

\65 GO

a
Se . Perea aa

= Wael
"
dietgo.kitchen_1655114567_2859630716673903214_30356002527.jpg,"DIEGGO

=] Ee

SAIKORO

BEEF BBQ

       
 
 
    
       
 

SAIKORO BEEF BBQ
with POTATOES

aS

372.2 KCal 9109 IES rose

  

SAIKORO BEEF BBQ
with POTATOES

: yAE 16.6
PATA Cor) ee ae eres)
"
dietgo.kitchen_1655114567_2859630716665494169_30356002527.jpg,"DIEGGO

RICEBOWL
SAIKORO

BEEF BBQ

 
    
 
 

LR etl aca le

  
 

pill

 
 

Available on: G

 
"
dietgo.kitchen_1655026688_2858893534491157915_30356002527.jpg,"DIEEGO

MINUM AIR LEBIH BANYAK

Air merupakan elemen penting bagi tubuh untuk
bekerja dengan baik.

TIDUR YANG CUKUP

istirahat yang Cukup 7-8jam dalam sehari.

RUTIN OLAHRAGA
Dengan olahraga 3-4x seminggu dalam beberapa

cara selama 30 menit sehari, kamu akan menurunkan
risiko penyakit.

RUTIN OLAHRAGA

untuk hidup sehat kamu perlu memperhatikan
makanan yang Masuk ketubuh, dan MENGHINDARI
gorengan, junkfood, dan minuman manis.

Tips Sederhana yang cukup penting untuk kamu
lakukan Jika kamu ingin memulai hidup yang sehat!

#EduGo
"
dietgo.kitchen_1655026688_2858893534415719538_30356002527.jpg,"DIEGGO

SIMPLE WELLNESS
TIPS FOR

re a ee

Swipe »
"
dietgo.kitchen_1654848111_2857395521398417003_30356002527.jpg,"nyt lexere)

Puas Pazar

ee

 
"
dietgo.kitchen_1655026688_2858893534491239313_30356002527.jpg,"DIé«GO ©

A LAVAL

Jangan lupa LIKE, SAVE,
dan SHARE postingan ini ya!

Like dan Share Save untuk
jika kamu suka lihat lagi nanti
"
dietgo.kitchen_1654772532_2856761514080056420_30356002527.jpg,"DIEEGO

(2et's (C53
VOLS EE

 
"
dietgo.kitchen_1654848111_2857395521574612009_30356002527.jpg,"DIEEGO

GraoFood

Up To '50rb) w/ Min. Order 69rb

PROMO CODE:

DISKONKILATJUNG

Disc. upto Phatile)

y J O w/ Min. Order 60rb
0
%

Peyote A GRABFOOD20G

cto OND wanker caso

Poly okerelol =

GRABFOOD40G

Disc. et? Orb)

45) “/ Min. Order 35rb
G0
%

Pelee =f GRABFOOD35G

 
"
dietgo.kitchen_1654772532_2856761514080002510_30356002527.jpg,"DiétGO ®

PENGUAT SISTEM KEKEBALAN

Lidah sapi termasuk salah satu senyawa penting yang
diperlukan untuk menjaga sistem kekebalan karena
adanya kandungan seng serta potasium

dan natrium.

MELAWAN ANEMIA

Lidah sapi kaya akan zat besi dan vitamin B-12.
Kedua senyawa tersebut memiliki peran penting
dalam memproduksi hemoglobin yang dapat
melawan Anemia.

MEMENUHI KEBUTUHAN
PROTEIN

Mengonsumsi 19 gram lidah sapi dapat memenuhi
kebutuhan protein pada kaum wanita sebanyak 41%
dari total 46 gram. Sedangkan untuk kasus kaum laki-
laki, dapat memenuhi sebanyak 34% dari 56 gram
protein yang dibutuhkan oleh tubuh.

 
"
dietgo.kitchen_1654772532_2856761514205678505_30356002527.jpg,"DiétbGO ©

PW es

Jangan lupa LIKE, SAVE,
dan SHARE postingan ini ya!

Like dan Share Save untuk
jika kamu suka lihat lagi nanti
"
dietgo.kitchen_1654772532_2856761514080025639_30356002527.jpg,"Dié«GO 4)

Alea aqa siA
KANDUNGAN GIZI
YANG ADA DI

ely Ry?

Kandungan gizi yang terdapat pada lidah sapi
yaitu mengandung tiga kali lebih banyak zat besi,
tujuh kali lebih banyak vitamin B12, dan enam
kali lebih banyak vitamin C.

  

Dengan kandungan gizi lidah sapi yang beberapa
diantaranya lebih tinggi dari daging sapi tentunya
juga memberikan manfaat yang berbeda bagi
kesehatan manusia.

Manfaat Lidah Sapi

#EduGo

 
"
dietgo.kitchen_1654670674_2855907066575259895_30356002527.jpg," 
    

go?

WLESERIES
RICEBOMS ete

Ricebowl S.... Subscription | Order Grilled Dori LemoniloS...
"
dietgo.kitchen_1654594769_2855270333620373823_30356002527.jpg,"Ala almana Ags (7) PA

RICEBOWL

SERIES?

Sekarang, kamu bisa nikmatin Ricebowl Series di
semua Outlet di Bandung!

Eee + rs

e Naripan e Pasirluyung
e Setiabudi e¢ Cibaduyut
e Antapani e¢ Buah Batu
e Dago e Margahayu

ca

+

Available on:

 
"
dietgo.kitchen_1654594769_2855270333637109291_30356002527.jpg,"DIECGO

ve RICEBOWL
ao Sao

Vo [0 Pe

   

ve

Swipe untuk lihat detail lokasi
‘Ricebowl Series’ selengkapnya!
"
dietgo.kitchen_1654244678_2852333554983853223_30356002527.jpg,"— , Didseo

RVEY KEPUASAN
a YANGGAN|

2 _ Dapatkan 3 Paket LDS (Lunch, Dinner; Snack)

Sa SS untuk 3 Fespssion Ber BrsesDg!

ae ‘Isijawaban mu pada link di bawah ini

MIM Zeeleatcic( a
"
dietgo.kitchen_1653890768_2849364745536922009_30356002527.jpg,"  

ANA

BANDUNG

 

SUNN LN

 
"
dietgo.kitchen_1653890768_2849364745528384532_30356002527.jpg,"DIEEGO

    
    

ADA DIMANA
pe
MENU GRILLED

iaY ale hv
)  W
|B J v) |] . ¥ a v4

yX
"
dietgo.kitchen_1652949910_2841472251749905309_30356002527.jpg," 

7 #MITOSATAUFAKTA
KURANG TIDUR BISA BANTU
NURUNIN BERAT BADAN?

#mitosataufakta Swipe >>
"
dietgo.kitchen_1653461393_2845762886507145180_30356002527.jpg,"DIECGO

GUESS THE MENU!

 

as ; = : & 5 Y
er

Tortilla Lettuce Tomato Kyuri

 

Tebak nama menunya di kolom komentar ya!
"
dietgo.kitchen_1652949910_2841472251842064428_30356002527.jpg,"DIEEGO

Faktanya adalah:

4, Kurang tidur bikin nafsu makan cenderung naik, efek kurang
tidur bisa meningkatkan ghrelin dan menurunkan leptin,
sehingga anda lebih mungkin makan dalam jumlah banyak
karena nafsu makan meningkat.

2 Kurang tidur bikin ngidam makanan tinggi kalori, karena
keinginan untuk mengonsumsi makanan tinggi kalori meningkat
pesat. Akibatnya, semakin banyak asupan kalori yang Anda
makan sehingga risiko berat badan bertambah jadi lebih besar.

3 Kurang aktif bergerak karena tubuh kelelahan, orang yang
kekurangan tidur cenderung bangun tidur dengan badan sakit
semua dan kelelahan sehingga membuat mereka enggan untuk
melakukan banyak aktivitas dan lebih memilih untuk tidur.

#mitosataufakta
"
dietgo.kitchen_1652949910_2841472251775026009_30356002527.jpg,"DiEGEGO 9

BERMANFAAT?

Jangan lupa LIKE, SAVE,
dan SHARE postingan ini ya!

Like dan Share Save untuk
jika kamu suka lihat lagi nanti
"
dietgo.kitchen_1652679639_2839205053254779973_30356002527.jpg," 

GRILLED

DORY

LEMONILO // 644.7 KCal

 

Dory fish is known to be effective in maintaining the health of one’s senses. especially the
eyes. Dory fish contains vitamin A which will maintain eye health from the inside.

The content of vitamin A and calcium dory fish is also able to nourish and sharpen focus
on the eyes. So that the eyes will be much healthier and free from the problem of
myopic eyes. Another benefit of dory fish is that it can maintain and improve heart health.
Dory fish can be used as a way to maintain your heart health, because it contains various
minerals and proteins such as potassium.

 

7

Bite Matai

em daa A eal ae ot

itetathie shines

 
"
dietgo.kitchen_1652680545_2839212659934330108_30356002527.jpg,"Happy

VESAK DAY

 

Happy Vesak Day. Wish you be showered with abundant Fortune
and Prosperity and find The Path to Eternal Happiness
"
dietgo.kitchen_1652596007_2838503500091943713_30356002527.jpg,"GraoFood

DISKON
MEAT

13-16 Mei

Diskon s.d Diskon

90~ 50x

14.00 - 16.00 Seharian

Gratis Ongkir

oe

Grab Unlimited

 
"
dietgo.kitchen_1652596007_2838503500108600618_30356002527.jpg,"DIEGGO

 

 

KIN NIKMAT)
DENGAN #DISKONKILAT amp

   
"
dietgo.kitchen_1652171438_2834941954396981438_30356002527.jpg," 
"
dietgo.kitchen_1652171438_2834941954371852994_30356002527.jpg,"GRILLED CHICKEN © JAPANESE GYUDON
Wu TOES CK Wid LEMONILO

ne

SATURDAY

SEIAYAM —@—_SEISAPI
BROWNRICE CK (Hh POTATOES

Total Calorie: 615 KCal

GRILLED CHICKEN ¢
ABROWNRICE

oe

SALAD WRAPS
A VEGETABLES

THURSDAY

SEIAYAM 9 GRILLEDCHICKEN
POTATOES WMA SALAD

SEISAPI @  SEIAYAM
AMEBROWN RICE CX Wh LEMONILO

Sn

Paty NG

PS

JAPANESE GYUDON 9 GRILLED CHICKEN
Wh BROWN RICE O LEMONILO

“otal Calorie: 871 KCal

 

bit ly/DietGoSubs
"
dietgo.kitchen_1651453223_2828917133449056742_30356002527.jpg,"IDUL FITRI

 

Selamat hari raya Idul Fitri 1443 H. Mari kita lupakan kesalahan di masa lalu
dengan saling memaafkan. Semoga Allah memberikan kita kebahagiaan
dan kemakmuran yang melimpah ke depannya.
"
dietgo.kitchen_1651382218_2828321504062443753_30356002527.jpg,"DIEGGO

JADWAL LIBUR

OPERASIONAL

SS SN dy

Seluruh operasional DietGO
Kitchen libur pada tanggal:
dan akan kembali
beroperasi pada tanggal:
"
dietgo.kitchen_1650870567_2824029465648210340_30356002527.jpg,"TINGGI PROTEIN

Seporsi ikan Dori sebanyak 100gr mengandung
17gr protein.

KAYA OMEGA-3

Asam Lemak Omega-3 dan turunannya, seperti
DHA dan EPA, berperan penting untuk menjaga
kesehatan jantung.

A a a 2S

Mengandung beragam kalsium, vitamin D,
vitamin B kompleks, fosfor, magnesium, kalium,
zat besi, natrium, asam folat, zink, tembaga
(copper), selenium, dan mangan.

Mengandung beragam kalsium, vitamin D,

vitamin B kompleks, fosfor, magnesium, kalium,
I zat besi, natrium, asam folat, zink, tembaga
(copper), selenium, dan mangan.

 

x
x
8
"
dietgo.kitchen_1650870567_2824029465648094422_30356002527.jpg,"DIEGGO

Yuk simak!
APA AJA SIH
MANFAAT
IKAN DORI?

 
"
dietgo.kitchen_1650432650_2820355943668470238_30356002527.jpg,"DIEGGO

J Acil | KALORI
CAMILAN KHAS

BULAN PUASA

 
"
dietgo.kitchen_1650432650_2820355943358090167_30356002527.jpg,"DIEGGO

GORENGAN

56% lemak, 40% karbohidrat,
dan 4% protein

  

KOLAK PISANG

20.8 gr lemak, 56.2 gr karbohidrat,
2.9 gr protein dan 3.35 gr serat

+ 414 kCal

  
"
dietgo.kitchen_1650432650_2820355943358230399_30356002527.jpg,"DIEEGO 6

BERMANFAAT?

Jangan lupa LIKE, SAVE
dan SHARE postingan ini ya!

Like dan Share Save untuk
jika kamu suka lihat lagi nanti
"
dietgo.kitchen_1650432650_2820355943358262564_30356002527.jpg,"DIEGGO

BIJI SALAK

6 gr lemak, 36 gr karbohidrat,
1.75 gr protein, dan 2.3 gr serat

  

ES CAMPUR

Dalam satu mangkuk es campur
terkandung 200-300 kalori.

+ 300 KCal

  
"
dietgo.kitchen_1649838653_2815373137672767641_30356002527.jpg,"DIEGGO

Reminoler!

 

BUKA PUASA JANGAN JADI
UNTUK

MAKAN BANYAK!

TETAP JAGA ASUPAN

  

MAKAN MU YA!

 
"
dietgo.kitchen_1650261681_2818921755742423427_30356002527.jpg,"DIEGGO

DIET MAKIN ASIK DENGAN

Now Available at Antapani and Darmo Outlet LQ]

 

 
"
dietgo.kitchen_1649655055_2813833011198415627_30356002527.jpg,"DIEGGO

RAMADHAN

BUKBER
PACKAGE

Harga spesial paket Buka Bersama
bulan ramadhan hanya untuk kamu!

 

Lihat Selengkapnya >
"
dietgo.kitchen_1649655055_2813833011038816742_30356002527.jpg,"Min. Order Quantity

BUKBER PACKAGE

Leslee 4
Rhy

ua Lesa dg

 

GRILLED CHICKEN
U/té BROWN RICE

Grilled Chicken with Brown Rice, Boiled Egg
Mixed Vegetables, and Special Sauce.

GRILLED CHICKEN
th POTATOES

Grilled Chicken with Potatoes, Boiled Eag
Mixed Vegetables, and Special Sauce.

GRILLED CHICKEN
th LEMONILO

Grilled Chicken with Lemonilo, Mixed
Vegetables, and Special Sauce.

GRILLED CHICKEN
UJth SALAD

Grilled Chicken with Lettuce, Tomato, Kyuri
Dressing, and Special Sauce.

 

 

Pees

 

SEI SAPI
UJth BROWN RICE

Sei Sapi with Brown Rice, Mixed Vegetables,
and Special Sambal.

SEISAPI
With POTATOES

Sei Sapi with Potatoes, Mixed Vegetables,
and Special Sambal.

SEI SAPI
sth LEMONILO

Sei Sapi with Lemonilo, Mixed Vegetables,
and Special Sambal.

SEIAYAM
U/th BROWN RICE

Sei Ayam with Brown Rice, Mixed Vegetables,
and Special Sambal,
"
dietgo.kitchen_1649655055_2813833011047429342_30356002527.jpg,"SEIAYAM
Usth POTATOES

Sei Ayam with Potatoes, Mixed Vegetables,

and Special Sambal.

SEI AYAM
Jth LEMONILO

and Special Sambal.

SALAD WRAPS
UJth MIXED VEGETABLES

and Special Sauce,

 

Sei Ayam with Lemonilo, Mixed Vegetables,

 

Tortilla with Lettuce, Tomato, Kyuri, Dressing,

JAPANESE GYUDON
th BROWN RICE

Japanese Beef Gyudon with Brown Rice,
Mix Vegetables, and Special Sauce

JAPANESE GYUDON
th LEMONILO

Japanese Beef Gyudon with Lemonilo,
Mix Vegetables, and Special Sauce

DM via Instagram untuk Order Paket Bukber

 
"
dietgo.kitchen_1649653318_2813818433147311043_30356002527.jpg,"DIEEGO

COOKING STAFF

PENEMPATAN DI JAKARTA

Min Pendidikan SMK (Diutamakan jurusan Tata Boga).
Jujur, Inisiatif, Teliti, dan Cekatan
Mampu bekerja dalam tim.
Berpengalaman + 1 tahun di bidang FnB.

Kirimkan CV dan Data Diri

pada link dibawah!

bit.ly/dietgocs

 
"
dietgo.kitchen_1649314838_2810979057546936026_30356002527.jpg,"DIEGGO

Udclah. coba

DIET PAS BULAN PUASA,

TAPI BERAT BADAN
KOK MALAH NAIK?

#EduGo j \
"
dietgo.kitchen_1649314838_2810979057530286236_30356002527.jpg,"Dié«GO Oo

 

Yuk simak
Tips diet saat bulan puasa
di slide selanjutnya ya!

#EduGo
"
dietgo.kitchen_1649314838_2810979057496577098_30356002527.jpg,"CUKUPI KEBUTUAN AIR

Penuhi kebutuhan cairan dalam tubuhmu selama
berpuasa dengan minum air putih setidaknya 8 gelas

per hari. Kamu bisa menggunakan rumus 2-2-2-2, yaitu
dua gelas saat sahur, dua gelas ketika berbuka puasa, dua
gelas setelah salat Tarawih, dan dua gelas sebelum tidur.

sees

#EduGo

Dié«GO 2

 

TIDUR YANG CUKUP

Jika kamu ingin menurunkan berat badan saat puasa,

kamu perlu mencukupi waktu tidur yang diperlukan tubuhmu.
Pasalnya, kurang tidur saat puasa akan mengacaukan

sistem metabolisme kamu. Akibatnya, tubuh tidak bisa
membakar timbunan lemak secara efektif.
"
dietgo.kitchen_1649314838_2810979057538493235_30356002527.jpg,"Dié«GO @

   

KONSUMSI SERAT DAN PROTEIN!

utamakan makanan yang mengandung serat dan protein
dibanding makanan berkalori tinggi. Ini karena makanan
berserat tinggi akan diserap dan dicerna oleh tubuh dalam
waktu yang lebih lama, sehingga kamu tidak mudah cepat
lapar dan bisa tahan berpuasa sepanjang hari.

BATASI MAKANAN DAN MINUMAN
MANIS

batasi asupan gula yang kamu konsumsi. Terlalu banyak makan-
makanan atau minuman manis justru akan disimpan sebagai |
emak oleh tubuh dan kemudian menaikkan berat badanmu.

 

#EduGo
"
dietgo.kitchen_1649314838_2810979057580389676_30356002527.jpg,"Dié«GO 4.)

BERMANFAAT?

Jangan lupa LIKE, SAVE,
dan SHARE postingan ini ya!

Like dan Share Save untuk
jika kamu suka lihat lagi nanti
"
dietgo.kitchen_1649058319_2808827226864244628_30356002527.jpg,"*SAVE 16.900

Re 64.100 FERRET

   

La TEA
QAO
"
dietgo.kitchen_1649058319_2808827226855932205_30356002527.jpg,"DIEGGO

 
      
 

SAAT BUKA @
PUASA >

Dengan Paket Ramadhan
di DietGO Kitchen!

Swipe untuk lihat promo
"
dietgo.kitchen_1649058319_2808827226839174299_30356002527.jpg,"*SAVE 16.900

Re 65.000 KERPEETT.

   

LA un.)
QO OU a
"
dietgo.kitchen_1649058319_2808827227090794914_30356002527.jpg,"*SAVE 16.900

Rp 76.800 SEREEETT.

   

aaa An.)
QO
"
dietgo.kitchen_1649058319_2808827226872727839_30356002527.jpg,"DIEGGO

   
  

PAKET
RAMADHAN

Available On
gofood

GrasFood traveloka”
"
dietgo.kitchen_1649058319_2808827227099151243_30356002527.jpg,"     
  

*SAVE 16.900
aiekeeceiems Rp 52.400

 

JAPANESE GYUDON PPLE TEA'
we EL Du ee ey NUTRIBREW
"
dietgo.kitchen_1648877907_2807313815421044234_30356002527.jpg," 

bulan suci kembali tiba. Saat tepat menyucikan diri dari segala dosa.
Mohon maaf lahir dan batin. Selamat menunaikan ibadah puasa.
"
dietgo.kitchen_1648893631_2807445717798299404_30356002527.jpg,"DIEGGO

RAMADHAN PROMO

BUKA & SAHUR

605.160

Ree eae bit.ly/dietgoramadhan

 
"
dietgo.kitchen_1648893631_2807445717974301405_30356002527.jpg,"sure

ay ey T) =X D AY LA a
IN)
enn

form eee ona
(th SALAD

ANESE GYUDON
BROWN RICE

erm es Celt orci
TT)

SATURDAY éiskcar

ee

U/th BROWN RICE

arya
TN)

eae)
th LEMONILO

SALAD WRAPS
Aare)

WEDNESDAY 775.06 x

SAPI
TU eee 1X) Bt

SAV NZ
aT TT)

 
"
dietgo.kitchen_1647954984_2799571778479879154_30356002527.jpg,"OUTLETS

SURABAYA

 

9 Jl. Raya Darmo Permai Timur

a i traveloka® DIETGO WEEKLY
"
dietgo.kitchen_1648788527_2806564045613445173_30356002527.jpg,"Vegetables ~ ,

   

cee

  
     
 

 

GRILLE

¥ a

DORI?)

af

 
"
dietgo.kitchen_1647954984_2799571778530193925_30356002527.jpg,"NARIPAN

Jl. Naripan

DAGO
Simei Un Ei

BUAH BATU
Jl. Sukabirus

CIMAHI

JI. Ria, Cimahi

gofood

GraoFood

SETIABUDI
Jl. Cipaku Indah

PASIRLAYUNG

JI. Bungursari

MARGAHAYU
Jl. Tata Surya

Timur, Kota Surabaya

ANTAPANI

JI. Randusari Utara

CIBADUYUT

Cibaduyut Residence

 

traveloka* DIETGO WEEKLY

CATERING
"
dietgo.kitchen_1647954984_2799571778521964256_30356002527.jpg,"JAKARTA

PEJATEN

Jl. Jatipadang Utara,
Jakarta Selatan

CEMPAKA PUTIH

JI. Cempaka Putih Raya,
ROE) < lace Ur

KEBON JERU

PONG Viet MO) 1 eB
Jakarta Barat

a Ut]

Jl. H. Mading,
Jakarta Barat

KELAPA GADING

FO) P= el61 (AV co CN
Jakarta Utara

SURABAYA

ay =ey.\Be-7\ Y

Jl. Kedondong, Tegalsari,
Kota Surabaya

gofood | GraoFood

DARMO

Jl. Raya Darmo Permai
Timur, Kota Surabaya

KLAMPIS

JI. Kiampis Anom,
Klampis, Kota Surabaya

 

traveloka®

DIETGO WEEKLY
CATERING
"
dietgo.kitchen_1648457308_2803785575888606184_30356002527.jpg,"DIEGGO

Ketika temen kamu ngajak [HELEne Uh) aierere] padahal
baru selesai workout/olahraga bareng:

My Friend

; Wee

 
"
dietgo.kitchen_1647411102_2795009364521196041_30356002527.jpg,"DIEGGO

elas ’ =
DIETGCO =e
TERSEDIA, ¥

|

Se

   
"
dietgo.kitchen_1647326771_2794301950029406691_30356002527.jpg,"DIEGGO

Kamu harus taul

RES ee

KAMU YANG MANA?

#EduGo

 
"
dietgo.kitchen_1647326771_2794301949769184883_30356002527.jpg,"Dié«GO Oo

SETIAP ORANG PASTI
UV Z\BENTUK/TIPE) O
GCE) YANG BERBEDA- <
BEDA,

tipe tubuh tersebut ditentuan oleh hormon dan gen YQ
yang kita hasilkan selama masa pubertas p

Ga ( )
"
dietgo.kitchen_1647411102_2795009364538008195_30356002527.jpg,"DIEGGO

CLAIM YOUR

VOUCHER!

 

BANDUNGKENYANG MAKANTERUS

DISKON 50% DISKON 30%

LYE) ola Ley/ me laldl a het) meine la
Maksimal IDR 50.000 Maksimal IDR 100.000
ca Tal inal] ee Last= 1 <oi|B) aae) & Minimal Transaksi IDR O

 
"
dietgo.kitchen_1647326771_2794301949761003565_30356002527.jpg,"DIEGGO

ECTOMORPH

Tipe tubuh ini secara alami terlihat sangat kurus.
Orang dengan tipe tubuh bertipe seperti ini
biasanya memiliki postur badan yang tinggi
dengan lengan dan kaki yang panjang. Selain itu
mereka secara umum sulit untuk membentuk
otot dan lemak pada tubuh. Tipe tubuh ini harus
fokus pada latihan menggunakan beban yang
cukup berat.

Ectomorph

 

#EduGo
"
dietgo.kitchen_1647326771_2794301949785938081_30356002527.jpg,"Dié«GO 2

MESOMORPH

Tipe tubuh ini tidak terlalu kurus seperti
ectomorph dan tidak kelebihan berat badan,
mereka hanya berukuran sedang. Mereka
biasanya menambah dan menurunkan berat
badan dengan cepat dan juga dapat
membentuk otot dengan cepat. Jenis olahraga
yang disarankan untuk tipe tubuh Mesomorph
adalah jenis olahraga yang memerlukan
keseimbangan, kekuatan, dan ketangkasan.

Mesomorph

 

#EduGo
"
dietgo.kitchen_1647326771_2794301949735800761_30356002527.jpg,"Dié«GO 9

TSA LAVA

Jangan lupa LIKE, SAVE,
dan SHARE postingan ini ya!

Like dan Share Save untuk
jika kamu suka lihat lagi nanti
"
dietgo.kitchen_1647326771_2794301949777804559_30356002527.jpg,"DIEGGO

ENDOMORPH

Tipe tubuh ini secara alami lebih besar
daripada tibe tubuh lainnya. Mereka biasanya
memiliki postur yang pendek sampai Sedang
dengan lengan dan kaki yang lebih pendek
(rata rata). Mereka dapat menambah masa
otot dengan cepat. Orang dengan jenis tipe
tubuh Endomorph disarankan untuk
melakukan jenis olahraga ringan yang tidak
menyebabkan tegangan tinggi pada kerangka
tubuh, dan aktivitas fisik yang durasinya os >
agak lama namun tidak berlebihan: Endomorph

 

#EduGo
"
dietgo.kitchen_1646633106_2788483059793683911_30356002527.jpg,"DIEGGO

  

GRILLED
DORI

@ setiabudi outlet Q

gofood GraoFood

SWIPE UNTUK LIHAT MENU >
DORI SELENGKAPNYA
"
dietgo.kitchen_1646633106_2788483059776850286_30356002527.jpg," 
"
dietgo.kitchen_1646975056_2791351545112818283_30356002527.jpg,"DIEGGO

 

    

 
"
dietgo.kitchen_1646633106_2788483059785372214_30356002527.jpg," 
"
dietgo.kitchen_1646633106_2788483059760153617_30356002527.jpg," 

mmooS
"
dietgo.kitchen_1646458888_2787021618142961752_30356002527.jpg,"DIEEGO

(Vlulai sekarar a7
ot BISA O “tee
A WHATSAPP!

    

Cam) (ake (ol Qe] at=1A)

vii di +62 852-5638-7553
0:0!

of

oe

To
"
dietgo.kitchen_1646293363_2785633087503852370_30356002527.jpg,"HAPPY NYEPI

Bali's Day o¢ Silence

 

Dalam kesunyian akan kamu dapati makna kehidupan dalam kesepian
dan kamu rasakan kehadiran Tuhan bersama orang-orang yang selalu ingat
akan penciptanya. Selamat Hari Raya Nyepi 2022
"
dietgo.kitchen_1646027420_2783402198097677290_30356002527.jpg,"[ RAJ

e ight ourney

 

Semoga kebahagiaan dan keberkahan senantiasa menyertai kita. Semoga syafaat
serta bimbingan Rasulullah SAW juga senantiasa jadi pedoman hidup kita.
Selamat Isra Mi'raj 1443 H.
"
mutiaracikutra_1645617857_2779966540017870660_3040123217.jpg,"if oKvie- « DIETSO

   
 
 

Paket Diet Lunch
& Dinner 6 Hari iim
& Uang Tunai

untuk 2 pemenang!

*
KMIC x DietGO

Total Hadiah

700
Ribu
"
dietgo.kitchen_1646293243_2785632085979467705_30356002527.jpg," 
"
dietgo.kitchen_1645598721_2779806014373733595_30356002527.jpg,"   
    

 

See
tS

T JAGA'ASUPAN
Ue aa AKTIVITAS 4
'BERSAMA DIETGO!
"
dietgo.kitchen_1644819379_2773268415617249027_30356002527.jpg,"DIEGGO

Kamu tahu ga siA?

COKLAT VALENTINE

BISA BANTU TURUNKAN

BERAT BADAN
CENETIMs )

ae ye
yt
MEY
7

  
 

#EduGo
"
dietgo.kitchen_1644819379_2773268415642415727_30356002527.jpg,"DIEGGO

Seorang ahli saraf yang bernama Will Clower, Ph.D

pernah menerbitkan buku yang berjudul

EAT CHOCOLATE,
LOSE WEIGHT

Dalam bukunya, ia mengungkapkan bahwa
makan cokelat (satu potong) 20 menit
sebelum makan, dan 5 menit setelah
makan siang serta malam bisa menurunkan
nafsu. makanmu sampai 50 persen.
Perlu diperhatikan juga jenis cokelatnya.
Disarankan pilih cokelat hitam
karena punya kandungan gula
yang sedikit dan lemak tak jenuh tunggal.

#EduGo

EAT
CHOCOLATE,
LOSE
WEIGHT

NEW SCIENCE PROVES You SHOULD.
EAT CHOCOLATE EVERY DAY

 

WILL CLOWER, PhD
"
dietgo.kitchen_1644819379_2773268415634116789_30356002527.jpg,"DIEGGO 0

VALENTINE TENTUNYA
SELALU DIIDENTIKAN
DENGAN COKLAT

 
  
 
 
   

sebagai perwujudan rasa kasih sayang

kepada orang yang kita sayangi ataupun
kepada pasangan. Namun ternyata, cokelat
bisa membantu menurunkan berat badan.

#EduGo
"
dietgo.kitchen_1644819379_2773268415701275925_30356002527.jpg,"Dié«GO 2

BERMANFAAT?

Jangan lupa LIKE, SAVE,
dan SHARE postingan ini ya!

Like dan Share Save untuk
jika kamu suka lihat lagi nanti
"
dietgo.kitchen_1644727748_2772499763822988963_30356002527.jpg,"DIEGGO

  
 

10k off food for min. order 40k
+ 5k off delivery

Available on
"
dietgo.kitchen_1644292819_2768851308491541904_30356002527.jpg,"DIEGGO

WAIT
OLAHRAGA? g

APA PENYE!

 
  
  

#EduGo
"
dietgo.kitchen_1644292819_2768851308415860707_30356002527.jpg,"DIEGGO

2. Diaphragm Breathing

+ Duduk atau berbaring dengan bahu rileks
+ Letakan satu tangan di dada dan tangan lainnya di perut
* Tarik napas melalui hidung selama 2 detik, rasakan perut mengembang

* Katupkan bibir dan embuskan napas perlahan melalui mulut, tekan perut
dengan lembut untuk melepas udara

3. Deep Breathing

* Duduk atau berdiri dengan posisi siku sedikit ke belakang
* Tarik napas dalam melalui hidung
* Tahan napas sambil menghitung sampai 5

+ Buang napas melalui hidung, sampai semua udara yang dihirup terasa
sudah keluar

#EduGo
"
dietgo.kitchen_1644292819_2768851308558523135_30356002527.jpg,"Dié«GO 2)

COBA TEKNIK INI DEH BUAT NGATASIN
NAPAS PENDEK SAAT OLAHRAGA

1. Pursed Lip Breathing

* Tarik napas dalam-dalam melalui hidung sambil menutup mulut,
hitung sampai 2

* Katupkan bibir seolah-olah akan bersiup atau meniup lilin

+ Embuskan napas perlahan melalui mulut sambil menghitung
sampai 4

#EduGo
"
dietgo.kitchen_1644292819_2768851308399133500_30356002527.jpg,"Dié«GO Oo

SIAPA YANG NAPAS NYA SUKA
TERENGAH-ENGAH KALO
OLAHRAGA?

  
 
   

Salah satu penyebabnya adalah
akibat dehidrasi yang membuat
ketidakseimbangan elektrolit

di dalam sistem tubuh, sehingga
timbul pusing dan tubuh merasa
lemas atau lemah.

#EduGo
"
dietgo.kitchen_1644124480_2767439183427722498_30356002527.jpg,"“>

DietGO Kitchen ™
@dietgo.kitchen

[Reminder]

The only way to keep your health is to eat

what you don't want, drink what you don't like,
and do what you'd rather not.

  

  
 
    
    
 

12:00PM Feb 6, 2022

1.5M Retweets 2.6M Quote Tweets 10.5M Likes

  
 

O°
"
dietgo.kitchen_1644292819_2768851308516653852_30356002527.jpg,"DIECGO ©

BERMANFAAT?

Jangan lupa LIKE, SAVE,
dan SHARE postingan ini ya!

Like dan Share Save untuk
jika kamu suka lihat lagi nanti
"
dietgo.kitchen_1643780985_2764557738739795720_30356002527.jpg,"DIEGGO

 
"
dietgo.kitchen_1643705273_2763922617827038664_30356002527.jpg,"DIEEGO

SURABAYA

 

2 new Outlets
in Surabaya!

 
"
dietgo.kitchen_1643705273_2763922618003094771_30356002527.jpg,"DIEGGO

Aa

SURABAYA

 

 

9 Jl. Kedondong, Tegalsari, Kota Surabaya

9 Jl. Klampis Anom, Klampis, Kota Surabaya

Pr . DIETGO WEEKLY
Fu | aerwns | St

 
"
dietgo.kitchen_1643617155_2763183433971054550_30356002527.jpg,"DIEGGO

  
  

“Mandi air panas setelah
olahraga mampu mencegah
nyeri otot.”
"
dietgo.kitchen_1643705273_2763922617961127854_30356002527.jpg,"JAKARTA

PEJATEN KEBON JERUK a Ut]

Jl. Jatipadang Utara, PONG Viet MO) 1 eB Jl. H. Mading,
Jakarta Selatan Jakarta Barat Jakarta Barat

CEMPAKAPUTIH KELAPA GADING

JI. Cempaka Putih Raya, FO) P= el61 (AV co CN
ROE) < lace Ur Jakarta Utara

SURABAYA

ay =ey.\Be-7\ Y KLAMPIS

JI. Kedondong, Tegalsari, ROL AE Talo eae la
Kota Surabaya Klampis, Kota Surabaya

 

DIETGO WEEKLY
CATERING

gofood

 
"
dietgo.kitchen_1643705273_2763922617969415059_30356002527.jpg,"TEGAL SARI JI. Kedondong, Tegalsari, Kota Surabaya
KLAMPIS JI. Klampis Anom, Klampis, Kota Surabaya

BANDUNG

NARIPAN ) =a Y=} 0) 2) ANTAPANI
re] lal f= 1a) JI. Cipaku Indah JI. Randusari Utara

DAGO PASIRLAYUNG CIBADUYUT

JI. Cisitu Indah JI. Bungursari Cibaduyut Residence

BUAH BATU MARGAHAYU
JI. Sukabirus PO] RM E-lee Ble] a7)

CIMAHI

ro] PLS yal 1a]

 

DIETGO WEEKLY
CATERING

 
"
dietgo.kitchen_1643617155_2763183433979485839_30356002527.jpg,"DIEGGO

MITOS@

Air dingin adalah pilihan yang paling
baik, ungkap Marty Jaramillo, CEO

ICE Sports Group Health. Lebih lanjut,
Marty menambahkan jika ingin
menghindari rasa nyeri setelah latihan
cobalah untuk berendam dengan
menggunakan air es.

Pembuluh darah mengalami pelebaran
saat berolahraga, sehingga rawan
menimbun asam laktat yang menjadi
pemicu terjadinya nyeri otot. Dengan
air es ini pembuluh darah dapat
kembali ke ukuran semula.

 
"
dietgo.kitchen_1643177987_2759499422819970506_30356002527.jpg,"DIEGGO

SIAP UNTUK

EMP

    
 

BERIKUTNYA?

   

 
"
dietgo.kitchen_1643090789_2758767957167556225_30356002527.jpg,"DIEGGO

fr ShopeeFood

Ny al

MB Paket Combo Salad Wraps

SALE oo

Diskon 60% s/d 35rb
untuk minimal order 50rb
& Gratis Ongkir

Yoshidiet Gyudon

Rp48.100

 

Paket Combo Sei Ayam

Rp84.200

 

Periode 25-27 Januari 2022 \\ Sei Sepi Brown Rice

 
"
dietgo.kitchen_1643002968_2758031254178008662_30356002527.jpg,"DIEEGO

U/aspaclal
SERANGAN JANTUNG

BISA TERJADI DI
A

Ao

  
  

:

 

     

#EduGo
"
dietgo.kitchen_1643002968_2758031254186613743_30356002527.jpg,"DIEGGO

Hal apa sih yang bisa jadi pemicu

SERANGAN JANTUNG

di usia muda?

#EduGo

 

O
"
dietgo.kitchen_1643002968_2758031254178153873_30356002527.jpg," 

/

Tex”

~

a

O KEBIASAAN MEROKOK
© OBESITAS
© RIWAYAT KELUARGA

#EduGo

 
"
dietgo.kitchen_1643002968_2758031254211678881_30356002527.jpg,"DIEGGO

 

#EduGo
"
dietgo.kitchen_1643002968_2758031254203242437_30356002527.jpg,"DIEEGO ©

RUTIN OLAHRAGA

Dilansir dari American Heart
Association, berolahraga dengan
rutin seperti aerobik setiap minggu
atau olahraga ringan, bisa membuat
jantung sehat.

 

#EduGo
"
dietgo.kitchen_1643002968_2758031254169797305_30356002527.jpg,"DIEEGO 6

JAGA BERAT BADAN

Jaga berat badan kamu juga penting loh!
Obesitas atau kelebihan berat badan
dapat menjadi salah satu faktor risiko
penyakit jantung.

 

#EduGo
"
dietgo.kitchen_1643002968_2758031254194878648_30356002527.jpg,"DIEGGO Q

BERMANFAAT?

Jangan lupa LIKE, SAVE,
dan SHARE postingan ini ya!

Like dan Share Save untuk
jika kamu suka lihat lagi nanti
"
dietgo.kitchen_1643002968_2758031254161229730_30356002527.jpg,"DIEEGO ©

TERAPKAN POLA MAKAN
SEHAT

Memang sih kalo masih muda pasti
pengen coba semua makanan. Tapi jangan
lupa perhatikan kandungan makanan yang
dikonsumsi. Perbanyak konsumsi buah,
sayuran, dan daging ikan, ya!

  

#EduGo
"
dietgo.kitchen_1642658866_2755144721968321474_30356002527.jpg,"DIEGGO

   
  

Low to serve

LEMONILOseRIES
BYDIETGO
"
dietgo.kitchen_1642658866_2755144721817326889_30356002527.jpg,"DIEGGO

Tuangkan

© SAUS —ar e

poLocnaise {fl 0”
Pada Mie

Aduk

BOLOGNAISE
Dengan mie hingga

merata
"
dietgo.kitchen_1642658866_2755144721800415671_30356002527.jpg,"DIEGGO

Buka
QO e220
0 Bie

Tuangkan
SAUS
SAMBAL

VSI Pada tempat saus
yang tersedia
"
dietgo.kitchen_1642658866_2755144721834137479_30356002527.jpg,"DIEGGO

5 Hidangan siap disantap!
SELAMAT
PAN WN

   
"
dietgo.kitchen_1642145960_2750842153494264482_30356002527.jpg,"DIEEGO

Jangan sampai
kekurangan

zat besi, karna bisa
menyebabkan
Anemia!

   

SWIPE
"
dietgo.kitchen_1642145960_2750842153502572798_30356002527.jpg,"DIEEGO

ANEMIA

Dapat disebabkan oleh

  
  

 

yang biasanya ditandai
dengan

dan kelemahan.

Berkat kandungan zat besi

di dalamnya,
diklaim dapat membantu

loh!

  

  
 
 

KENAPA KONSUMSI DAGING SAPI?
"
dietgo.kitchen_1642145960_2750842153519515672_30356002527.jpg,"DIEEGO

Dengan
tubuh mendapatkan

ee a dalam bentuk
Heme (bentuk zat besi yang hanya
dijumpai pada protein hewani).
Artinya,

konsumsi daging sapi bermanfaat

membantu memenuhi kebutuhan
zat besi yang bisa mencegah anemia.

DIETGO BEEF SERIES
"
dietgo.kitchen_1642145960_2750842153511149242_30356002527.jpg,"DIEEGO

COBA MENU

  
 
 

DAGING
DIETGO
KITCHEN

YUK!!

Available on

@gofood § GradFood
cS DIETGO WEEKLY
"
dietgo.kitchen_1641968327_2749352063933582161_30356002527.jpg,"DIEEGO

“Katanya kalo mau langsing
harus ngurangin 3500 kalori?”

“Ohh gitu, tapi emang
bener ya?”

we lei ML
nih aku kasih tau
Tite M Lawl

 

SWIPE
"
dietgo.kitchen_1641968327_2749352063807600089_30356002527.jpg,"DIEEGO

jangan hanya mempertimbangkan
pembakaran kalori

saat berat badan berkurang,

 

- berat sekarang

— usia

- berapa banyak makanan
yang dikonsumsi

(juga faktor-faktor lainnya).

(source: www.fimela.com)

  
"
dietgo.kitchen_1641968327_2749352063816081629_30356002527.jpg,"DIEEGO

 

Menurut penelitian di National Institute
of Health, rumus yang banyak dikutip ini

  
   
 

saat berat berkurang.
Hasilnya, orang memperkirakan

(peneliti senior Kevin D. Hall, Ph.D).
"
dietgo.kitchen_1641968327_2749352063933608477_30356002527.jpg,"DIEGO

Ayo coba ngaku,
siapa disini yang

 
"
dietgo.kitchen_1641529174_2745668176044078500_30356002527.jpg,"DiEw GO}

rnp Sh
DISKONE\: a
C(O% 25rb

Ei

Pe yanRGiaae

  
 
"
dietgo.kitchen_1641271081_2743503137596116678_30356002527.jpg,"DIEEGO

Siapa yang masih
suka kegoda-goda?

 
"
dietgo.kitchen_1641271081_2743503137612938826_30356002527.jpg,"DIEEGO

Faktanya...

Makan karbohidrat di malam
hari tidak akan mengganggu
proses diet, asalkan tidak

melebihi kebutuhan kalori
per hari. Selain itu, badan
memerlukan energi
saat tidur.

 
    
"
dietgo.kitchen_1641271081_2743503137705053441_30356002527.jpg,"DIEEGO

MAKAN KARBO
MALAM HARI BIKIN

GAGAL DIET?

    
"
dietgo.kitchen_1640970094_2740978270986452012_30356002527.jpg," 
"
dietgo.kitchen_1640759297_2739209984975589356_30356002527.jpg," 

Akhir tahun sudah dekat, apa sih
yang ingin kamu wujudkan
di tahun 2022?

 
"
dietgo.kitchen_1640589034_2737781708810299508_30356002527.jpg,"Udah mau 2022,
tapi berat badan gak
turun-turun bro @&

makan Dietgo aja bro!
dijamin sehat dan berat
badan turun!

 
"
dietgo.kitchen_1640414091_2736314183178914210_30356002527.jpg,"DIEGO

 

WE WISH YOUA

MERRY CHRISTMAS
"
dietgo.kitchen_1640149220_2734092288119656342_30356002527.jpg," 

ms HEBOH PROMO WINNERS ol

CONGRATS ALSO TO THE OTHER WINNERS!

Same DaftarPemenang ieee &

us SELAMAT KEPADA
PARA MERCHANT PEMENANG a

BANDUNG

+ Bakmi Aloi

+ Garmelia Bakery

+ Dietgo, Makanan Diet Sehat
+ Ayam Geprek Dapur GG

+ Ayamayaman Bandung

SEMARANG

+ Gama Mbak Tik Ayam Goreng
+ Kedai Ngangeni 2 Hot Plato,
Nakula

+ Ayam Geprek Warmur

+ Nasi Padang Roda Baru,
Tanjung mas

+ Nasi Kulit Sultan Banjarsari

 

YOGYAKARTA

* Ketoprak Jakarta BANG RUDY
+ Mie Ayam Palembang Afui

+ Se'i Sapi Maumere, Kaliurang
+ Susu Sarjana

+ Gudeg Yu Jum

SOLO

+ The Solchic
+ Ayam dan Bebek Goreng

Mas Anto

+ Warung Gongso Pusat
+ Warung Jepun, UMS
+ Nasi Uduk Jakarta - Apri

Wulandari
"
dietgo.kitchen_1639981312_2732683772672052945_30356002527.jpg,"DIEIEO)

INEVAOUTUET

Apotek duasat¥

9

Inti Data Consulting

“2
9 Qraia Susu ray
%

&
%

Janur Asri Kelapa Gading

JI. Boulevard Raya, Kelapa Gading, Jakarta Utara

Scotus i ca

 

 

 
"
dietgo.kitchen_1639981312_2732683772655276510_30356002527.jpg,"DICIEO)

NEW OUTLET DISCOUNT

ALL %
ITEM
DISC

ONLY AT KELAPA GADING OUTLET

@gofood GraoFood

 
"
dietgo.kitchen_1639981312_2732683772663625683_30356002527.jpg,"OUTLET KELAPA GADING

ALL DIETGO OUTLETS

Jakarta Utara

—_————_ OUTLET BANDUNG

OUTLET LEDENG

JI. Cipaku Indah,
Kota Bandung

OUTLET SUMUR
BANDUNG

JI. Naripan No.34,
Kota Bandung

OUTLET CIMAHI

JI. Raya Cibabat
Cimahi, Jawa Barat

OUTLET DAGO OUTLET
JI, Cisitu Indah, PASIRLUYUNG

Kota Bandung JI. Bungursari,
Kota Bandung

OUTLET OUTLET
CIBADUYUT BUAH BATU

Cibaduyut Residence, JI. Sukabirus,
Kota Bandung Kota Bandung

OUTLET CIMAHI

JI. Boulevard Raya No.12, Kelapa Gading,

OUTLET
ANTAPANI KIDUL

Ji. Randusari Utara,
Kota Bandung

OUTLET
Margahayu

JI. Tata Surya, Rancasari,
Kota Bandung

DIETGO WEEKLY
GabFood J svrwo | Sete

 
"
dietgo.kitchen_1639287882_2726866861149167328_30356002527.jpg,"DISBEO

GraoFood

        
     

  

Diskon Diskon

“9Os, || SO».

s/d Rp5Orb

Saienies
7A. ot UN eee ‘ecriia)

UNLIMITED ry vimge

Periode : 12-18 Desember

 
  
  
"
dietgo.kitchen_1639981312_2732683772638429596_30356002527.jpg,"OUTLET PEJATEN

JI. Jatipadang Utara
Pasar Minggu,
Jakarta Selatan

OUTLET KELAPA
GADING
JI, Boulevard Raya,

Kelapa Gading,
Jakarta Utara

ALL DIETGO OUTLETS

OUTLET JAKARTA

OUTLET PURI

JI. H. Mading, Puri Indah,
Kembangan Utara,
Jakarta Barat

OUTLET
KEBON JERUK

JI. Arjuna Utara, Apart.
Menara, Kebon Jeruk,
Jakarta Barat

OUTLET
CEMPAKA PUTIH
JI. Cempaka Putih Raya,

Cempaka Putih,
Jakarta Pusat

1 DIETGO WEEKLY
SG

 
"
dietgo.kitchen_1639625610_2729699926513006657_30356002527.jpg," 

Apakah kamu tahu?

Semua menu yang tersedia di Dietgo Healthy
Kitchen mempunyai kalori $410 Keal
"
dietgo.kitchen_1638934244_2723900330460997784_30356002527.jpg," 

    

Mie Lemonilo

#LemoniloSeries SWIPE UNTUK SELENGKAPNYA
"
dietgo.kitchen_1638934244_2723900330477636861_30356002527.jpg," 

Mie Instan

17% Carbs

21% Fat
LV RYC)
85gr = 38O0Kcal

Tepung terigu, minyak nabati,
epung tapioka, garam, penstabil
(nabati dan fosfat), pengatur
keasaman, mineral (zat besi),
antioksidan TBHQ, pewarna
sintetik Tartrazin Cl 19140

Mie Lemonilo

18% Carbs
gel
No MSG + Low Gluten
elmo) eee CXC |

Tepung terigu, tepung mocaf,
garam, saripati bayam (0.04%),
kloforil, penstabil (gum arabik),
pengembang natrium karbonat
"
dietgo.kitchen_1638336477_2718885893311884142_30356002527.jpg," 

Ada di outlet mana aja
sih, Lemonilo Series?

 

N13
"
dietgo.kitchen_1638771126_2722531998045515566_30356002527.jpg,"DIEGO

‘LEMONILO’ BEsT SELLER

CT Met fel CM ued Lod >

Grilled Chicken
with Lemonilo

Ed Muitelal Costa) 354.6 Kcal

 
"
dietgo.kitchen_1637388458_2710933330588757098_30356002527.jpg,"  
   

Rye |

GYUDON
"
dietgo.kitchen_1638336477_2718885893303471198_30356002527.jpg,"DIEGO)

LEMONILO SERIES

Val PLE] CC)

outlet DAGO
ouTLeT LEDENG
outLeT PASIRLAYUNG

Cel) tame |=7,1 00) (Uh

lt ame UL STA PLU Te)
ouTtet ANTAPANI KIDUL

 

et ala

oT tame ala

yA Ca all

ouTLeT KEBON JERUK

ota UE

 

DIETGO WEEKLY
CATERING
"
dietgo.kitchen_1637809219_2714462934998147634_30356002527.jpg," 

ve) ShopeeFood 6 Oo”
DISCOUNTS J

Discount 60% s/d 25rb + gratis ongkir } cS
untuk minimal pembelian 40rb

   
   
"
dietgo.kitchen_1636776047_2705796058761679082_30356002527.jpg,"   

ee aye

FAKTA

Te

   

MS
"
dietgo.kitchen_1636776047_2705796058694795124_30356002527.jpg," 

7 VAL 1)

1. Dibuat Tanpa Proses Penggorengan

Mie instan pada umumnya dihasilkan melalui proses penggorengan
pada suhu 140°-150°C agar mie menjadi kering, kaku, dan awet.
Namun, Mie Instan Lemonilo dibuat dengan menggunakan oven.
Proses ini membuat Lemonilo Mie Instan rendah lemak dan kolesterol.

2. Mengandung Saripati Sayuran

Mie Instan Lemonilo mengandung bahan-bahan dari alam seperti
saripati bayam, kunyit, dan daun bawang. Penggunaan bahan ini

yang menyebabkan mie instan Lemonilo memiliki periode kadaluarsa
yang lebih singkat dibanding dengan mie instan pada umumnya.

sumber : lemonilo.com
"
dietgo.kitchen_1636776047_2705796058677959242_30356002527.jpg," 

3. Tanpa 3P (Penguat Rasa, Pengawet,
dan Pewarna Sintetis)

Mie Instan Lemonilo tidak menggunakan bahan-bahan tambahan
seperti penguat rasa, pengawet, dan pewarna sintetis yang berpotensi

bahaya bagi tubuh. Inilah yang membuat mie instan Lemonilo nyaman
dikonsumsi setiap hari.

4. Rendah Gluten

Mie Lemonilo ini juga rendah gluten, sehingga bisa dikonsumsi saat
menjalani diet sehat.

sumber : lemonilo.com
"
dietgo.kitchen_1636269244_2701544685284842451_30356002527.jpg,"DIEU CO}
DIET MAKIN ASIK BERSAMA

LEMONILO SERIES

Re OnG Naripan and Setiabudi Outlet

   

 

 
"
dietgo.kitchen_1634699495_2688376679021569188_30356002527.jpg,"DIEEGO

Apa yang membuat
rasa insecure?

Sebuah studi menyatakan bahwa 40% dari penyebab yang membuat
seseorang merasa bahagia adalah hal-hal menyenangkan yang baru
terjadi pada hidup. Penelitian tersebut semakin menguatkan fakta
bahwa kejadian yang dialami sangat berpengaruh terhadap suasana
hati dan cara seseorang menilai dirinya sendiri.

Maka, hal ini juga berlaku pada kejadian yang tidak menyenangkan,
salah satunya adalah mengalami penolakan dari orang lain. Lamaran
pekerjaan yang tidak diterima, gagal masuk ke sekolah atau universitas
yang diinginkan, dan pernyataan cinta yang ditolak akan mempengaruhi
tingkat kepercayaan diri.

Lalu bagaimana tips mengatasi rasa insecure yang sering muncul?

sumber : hellosehat.com Tips mengatasi insecure
"
dietgo.kitchen_1634699495_2688376679398925730_30356002527.jpg,"DIEEGO

1. Berhenti menyalahkan diri sendiri

Sadari bahwa Anda bukanlah satu-satunya yang melakukan
kesalahan, semua orang juga pernah mengalami hal yang sama.
Tulis pikiran-pikiran negatif dan ketakutan Anda, lalu amati dan
fokuskan pada solusi apa yang akan dilakukan agar tidak
mengulangi kesalahan yang sama.

2. Lakukan hal-hal yang disenangin

Coba untuk lebih Fokus pada sesuatu yang dapat membuat Anda
bahagia dan melupakan rasa insecure. Selain menjadi rekreasi
untuk diri sendiri, siapa tahu Anda juga akan menemukan potensi
lain saat mengeksplor hal-hal baru.

sumber : hellosehat.com
"
dietgo.kitchen_1634699495_2688376679046780385_30356002527.jpg,"DDI DIEGGO
P\LININ

TIPS MENGATASI

RASA Liha 3
YANG SERING

MUNCUL

SWIPE

 
   
  

a |
B
"
dietgo.kitchen_1634699495_2688376679055105581_30356002527.jpg,"DIEEGO

5. Beranikan diri untuk bersosialisasi
dengan orang baru
Mungkin Anda merasa cemas saat berhadapan dengan lingkungan
sosial yang baru. Cobalah secara perlahan, pasang target seberapa

intens Anda melakukan percakapan dengan orang lain. Misalnya,
di satu pertemuan Anda akan berkenalan dengan dua teman baru.

sumber : hellosehat.com
"
dietgo.kitchen_1634699495_2688376679038234973_30356002527.jpg,"DIEEGO

3. Bicaralah dengan orang-orang terdekat

Berbicara dengan orangtua, saudara, atau teman mungkin bisa
meringankan beban yang ada di pikiran Anda. Utarakan hal-hal
yang membuat Anda cemas dan ragu. Anda juga bisa menghabiskan
waktu dengan orang-orang tersayang.

4. Lakukan hal-hal yang disenangin

Anda baru saja mendapatkan penghargaan di kantor, atau Anda baru
saja mendapatkan nilai terbaik, tidak ada salahnya untuk melakukan
perayaan kecil saat hal yang dilakukan membuahkan hasil manis.
Walau mungkin pencapaian Anda tidak seberapa besar, tetap
berbanggalah karena ini bisa meningkatkan rasa percaya diri.

sumber : hellosehat.com
"
dietgo.kitchen_1634358518_2685516356752551528_30356002527.jpg,"WicicO)

INEVAOUTUEN

las Selatan Kay.

JI. Cempaka Putih Raya, Cempaka Putih, Jakarta Pusat

Sri anor tc ei a

 

 
"
dietgo.kitchen_1634358518_2685516356878420647_30356002527.jpg,"ALL DIETGO OUTLETS

OUTLET CEMPAKA PUTIH JI. Cempaka Putih Raya, Cempaka
Putih, Jakarta Pusat

—_—————__ OUTLET BANDUNG

OUTLET LEDENG OUTLET DAGO OUTLET OUTLET
JI. Cipaku Indah, 31. Cisitu Indah, PASIRLUYUNG ANTAPANI KIDUL

Kota Bandung Kota Bandung JI. Bungursari, JI. Randusari Utara,
Kota Bandung Kota Bandung

OUTLET SUMUR OUTLET OUTLET OUTLET
BANDUNG CIBADUYUT BUAH BATU Margahayu

JI. Naripan No.34, Cibaduyut Residence, JI. Sukabirus, Jl. Tata Surya, Rancasari,
Kota Bandung Kota Bandung Kota Bandung Kota Bandung

OUTLET CIMAHI

OUTLET CIMAHI

JI. Raya Cibabat
Cimahi, Jawa Barat

DIETGO WEEKLY
GrabFood J svrwow | Sete

 
"
dietgo.kitchen_1634358518_2685516356761017151_30356002527.jpg,"DIEICO

Tat ol Ele) Ryecel U] is

ALL 9
25""
DISC

ALL ITEM DISCOUNT 25%

ONLY ON

CEMPAKA PUTIH OUTLET

 

@gofood GracFood
"
dietgo.kitchen_1634358518_2685516356886972929_30356002527.jpg,"ALL DIETGO OUTLETS

OUTLET JAKARTA

OUTLET PEJATEN OUTLET PURI OUTLET OUTLET
JI. Jatipadang Utara JI. H. Mading, Puri Indah,  KEBON JERUK CEMPAKA PUTIH

Pasar Minggu, Kembangan Utara, JI. Arjuna Utara, Apart. JI. Cempaka Putih Raya,
Jakarta Selatan Jakarta Barat Menara, Kebon Jeruk, Cempaka Putih,
Jakarta Barat Jakarta Pusat

1 DIETGO WEEKLY
GeabFood J swrwow | Sette

 
"
dietgo.kitchen_1634358042_2685512361061924247_30356002527.jpg,"QUOTES OF THE DAY

 

“lf you want something youve never had,
you must be willing to do something —=

you've never done.” P=

-Thomas Jefferson

AE/

 
"
dietgo.kitchen_1634276194_2684825768918087971_30356002527.jpg,"YANG
"
dietgo.kitchen_1634276194_2684825768985183719_30356002527.jpg,"Pal
"
dietgo.kitchen_1634276194_2684825769027143439_30356002527.jpg,"DISUSE

  

6 JENIS DIET
nt alae
DI TAHUN

rex?

| = SWIPE | WIPE —

  
"
dietgo.kitchen_1634276194_2684825769001986364_30356002527.jpg,"ey a|
"
dietgo.kitchen_1634276194_2684825769018788811_30356002527.jpg,"Cae
"
dietgo.kitchen_1634276194_2684825768976811235_30356002527.jpg,"Wicuee)

SUA

©)
"
dietgo.kitchen_1634007615_2682572765540113718_30356002527.jpg," 
"
dietgo.kitchen_1634276194_2684825769035680703_30356002527.jpg,"DISUSE

1 AYN
-NYA

©
"
dietgo.kitchen_1633769233_2680573073596320131_30356002527.jpg,"Nutribrew

Healthy Coffee

1. Minum air putih terlebih dahulu

Minum air putih terlebih dahulu sebelum minum kopi, karena
kandungan kafein bersifat diuretik, sehingga memicu risiko
dehidrasi pada tubuh.

2. Jangan minum kopi saat perut kosong

Sebaiknya makan dulu, karena kopi dapat membuat nafsu
makan menurun, sehingga kebutuhan nutrisi gak terpenuhi.

3. Pilih jenis kopi yang aman

Jenis kopi Arabica lebih aman untuk lambung, karena
mengandung kadar kafein lebih rendah dibanding jenis Robusta

4. Alternatif susu selain dairy milk

Alternatif susu selain dairy milk, seperti Soy Milk, Oat Milk,
dan juga Skim Milk bisa menjadi pilihan untuk minum kopi.

5. Minum air putih setelah minum kopi
Setelah minum kopi, sebaiknya minum air putih, karena air dapat
mengurangi kadar asam dari kopi dan meminimalisir efek negatif
pada lambung
"
dietgo.kitchen_1633833015_2681108118892762743_30356002527.jpg,"MiELICO)

GraoFood

DISKON,

  

 
      
       

Diskon

mJ 0 Fan) er7

s/d Rp5Orb

cen

NONSTOP
GRATIS ONGKIR:

Bisa digabung dengan

   

eee heen
"
dietgo.kitchen_1633769233_2680573073327867862_30356002527.jpg,"DIEEGO

Nutribrew

Healthy Coffee

Tips Aman
Ketika
Minum Kopi

Swipe Untuk Selengkapnya —> — |

 

 
"
dietgo.kitchen_1633769233_2680573073294282517_30356002527.jpg,"Nutribrew
Healthy Coffee

SKIM SERIES

Nutribrew Whey Series available on
GoFood and GrabFood

Click link in @nutribrew.id bio

 

beacons.page/nutribrew

es Kopi Susu SKim

 
"
dietgo.kitchen_1633331757_2676903257378818518_30356002527.jpg,"Nutribrew

Healthy Coffee

GIVEAWAY

ANNOUNCEMENT

nutribrew.id

   

f. — >>.

nutribrew.id Dan pemenang dari Giveaway Squid Game dari @nutribrew.id
x @dietgo.kichen kali ini adala... cek postingan selanjutnya ya
"
dietgo.kitchen_1633582708_2679008392059988608_30356002527.jpg," 
"
dietgo.kitchen_1633331757_2676903257395560916_30356002527.jpg,"TELAH MENDAPATKAN

Nutribrew
Heakthy Coffee

1 Sei Ayam with

1 Ice Apple Te
Brown Rice ce Apple Tea Saldo Gopay

Rp 50.000

© gopay

 

Selamat Kepada Para Pemenang!

Admin kami akan menghubingi para pemenang
melalui DM Instagram

Semoga dengan giveaway ini, para pemenang
dapat mencapai goals hidup sehat bersama
Dietgo Kitchen dan Nutribrew!
"
dietgo.kitchen_1633172025_2675563331786796415_30356002527.jpg,"ALL DIETGO OUTLETS

OUTLET KEBON JERUK JI. Arjuna Utara, Apart. Menara, Kebon
Jeruk, Jakarta Barat

—_—————__ OUTLET BANDUNG

OUTLET LEDENG OUTLET DAGO OUTLET OUTLET
JI. Cipaku Indah, 31. Cisitu Indah, PASIRLUYUNG ANTAPANI KIDUL

Kota Bandung Kota Bandung JI. Bungursari, JI. Randusari Utara,
Kota Bandung Kota Bandung

OUTLET SUMUR OUTLET OUTLET OUTLET
BANDUNG CIBADUYUT BUAH BATU Margahayu

JI. Naripan No.34, Cibaduyut Residence, JI. Sukabirus, Jl. Tata Surya, Rancasari,
Kota Bandung Kota Bandung Kota Bandung Kota Bandung

OUTLET CIMAHI

OUTLET CIMAHI

JI. Raya Cibabat
Cimahi, Jawa Barat

DIETGO WEEKLY
GrabFood J svrwow | Sete

 
"
dietgo.kitchen_1633172025_2675563331770118083_30356002527.jpg,"DiELIC®)

INEVAOUTUET

Universitas
Esa Unggul
Kebon Jeruk

2n Menara...

JI. Arjuna Utara, Apart. Menara, Kebon Jeruk, Jakarta Barat
Swipe untuk lihat Outlet lainnya —>

 
"
dietgo.kitchen_1633172025_2675563331803600799_30356002527.jpg,"ALL DIETGO OUTLETS

OUTLET JAKARTA

OUTLET PEJATEN OUTLET PURI OUTLET KEBON

JI. Jatipadang Utara JI. H. Mading, Puri Indah, JERUK
Pasar Minggu, Jakarta Kembangan Utara, Jakarta JI. Arjuna Utara, Apart. Menara,
Kebon Jeruk, Jakarta Barat

1 DIETGO WEEKLY
GeabFood J swrwow | Sette

 
"
dietgo.kitchen_1633147237_2675355392435777648_30356002527.jpg,"1.

DIEEGO

Kamu Hebat!

Hanya dua kata, tapi sarat akan makna. Menghargai orang lain, dan
mengapresiasi pencapaiannya adalah hal terpuji. Kamu mungkin bisa
melakukan hal yang lebih baik, namun tak ada salahnya juga
menghargai. Apabila kamu mengucapkan “Kamu hebat,” kepada
seseorang, itu tandanya kamu telah memberikannya kebahagiaan
hanya lewat dua patah kata.

Aku Bangga Padamu

Siapa sih yang tidak senang apabila dirinya menjadi kebanggaan dari
orang disekitarnya? Coba kamu ucapkan kalimat ini kepada orang lain
yang kamu anggap pantas. Bukan soal kamu memujinya secara
terang-terangan, tetapi juga tentang cara kamu mengungkapkan
keyakinan kamu terhadap orang tersebut.

sumber : idntimes.com
"
dietgo.kitchen_1633147237_2675355392469121514_30356002527.jpg,"DiEEGO

KALIMAT SEDERHANA II

BISA BIKIN ORANG

LAIN BAHAGIA!

SWIPE

  
"
dietgo.kitchen_1632642948_2671125114210529406_30356002527.jpg,"LET'S PLAY SQUID GAME!

Ayo ikutan games alias Giveaway dari @dietgo.kitchen
dan @nutribrew.id ala-ala series Korea Squid Game gitu!

Nutribrew
Healthy Cote

What will you get?
3 orang pemenang akan mendapatkan masing-masing

1 Sei Ayam with

1 Ice Apple T
retro aN ater) ce Apple Tea Saldo Gopay

Rp 50.000

© gopay

 

Slide untuk caraikutan —>
"
dietgo.kitchen_1632974440_2673905865610123068_30356002527.jpg,"DCEO)

Salad Wraps with

 

n
&
a
He
©
i?
>
UD
o
Pa
=
"
dietgo.kitchen_1633147237_2675355392452362747_30356002527.jpg,"3.

DIEEGO

Kerjamu Bagus

Jangan pelit memuji orang lain atas kinerjanya yang baik. Jangan
hanya bisa memarahinya apabila dia membuat kesalahan, tetapi
juga memujinya disaat dia memiliki kinerja yang baik. Coba ubah
pola pikirmu. Sebab, manusia terlalu sering memerhatikan sebuah
kesalahan, ketimbang seribu kebaikan. Jadi, bahagiakan orang lain
dengan caramu ya!

Kamu Memang Layak

Menganggap sepele itu memang mudah. Tapi menghargai kelayakan
seseorang juga tidaklah sulit. Kamu ingin melihat orang lain bahagia?
Maka ungkapan pendapatmu tentang dirinya. Katakan bahwa dia layak
berada pada puncak tertingginya saat ini. Dan mungkin akan lebih
tinggi lagi nantinya.

sumber : idntimes.com
"
dietgo.kitchen_1632642948_2671125114135098463_30356002527.jpg," 

Nutribrew

Healthy Coffee

nutribrew.id

Nutribrew

  

Se a

nutribrew.id Virall! Nutribrew, brand kopi sehat asal Indonesia ada di series
Korea Squid Game? simak info selengkapnya di slide selanjutnya...
"
dietgo.kitchen_1632642948_2671125114160240810_30356002527.jpg,"Nutribrew
Healthy Cote

How to Play?

Pertanyaan ke-1
Di series Squid Game, pada urutan keberapa games
tarik tambang dimainkan?

ede) t-] aN E- La Coty
Di Series Squid Game, siapa nama pemeran detektif yang
menyamar menjadi pasukan merah?

 

Syarat dan Ketentuan

1. Jawab pertanyaan di atas pada comment section di postingan ini
2. Follow Instagram @dietgo.kitchen & @nutribrew.id

3. Spam like postingan pada akun diatas

4. tag 3 teman kamu untuk ikutan

pemenang akan diundi pada awal bulan Oktober berdasarkan jawaban
yang benar, dan diundi menggunakan random picker! goodluck guys!
"
dietgo.kitchen_1632369625_2668832315502158411_30356002527.jpg,"DIEEGO

TIDAK GEN ZNPYe

INI CARA HILANGKAN

pole) =] 8 eri

SWIPE

 
"
dietgo.kitchen_1632369625_2668832315527254634_30356002527.jpg,"DIEEGO

3. Kunyah Permen Karet

Mengunyah permen karet akan membantu rahang dan otot-otot
wajah bekerja. Membiarkan rahang dan otot-otot wajah berolahraga
akan membantu membakar lemak tubuh yang menjadi penyebab
double chin. Tidak hanya itu saja, mengunyah permen karet dapat
membuat kulit wajah tetap kencang.

4, Olahraga Wajah

Olahraga wajah akan membuat otot-otot wajah dan rahang bekerja.
Ada beberapa gerakan yang bisa kamu coba, yaitu gerakan mencium
atau the kiss dan gerakan memutar leher atau neck roll.

Swipe untuk simak selengkapnya >

sumber : halodoc.com
"
dietgo.kitchen_1632369625_2668832315518885410_30356002527.jpg,"1.

DIEEGO

Perbaiki Asupan Nutrisi

Nutrisi merupakan hal yang sangat penting jika kamu ingin
menghilangkan double chin. Tidak hanya membuat kulitmu
menjadi sehat, tetapi diet rendah kalori juga dapat membuatmu
kamu menghindari gula dan makanan berlemak lainnya. Dengan
begitu, berat badanmu akan menjadi lebih stabil. Kelebihan berat
badan akan memengaruhi kondisi di sekitar wajah kamu. Jadi,
konsumsilah makanan-makanan sehat untuk menghilangkan
emak di bagian leher.

Perbanyak Minum Air Putih

Minum air putih agar tubuh tidak dehidrasi memang tak terdengar
seperti cara menghilangkan double chin. Namun, air putih sangat
baik untuk menstimulasi metabolisme tubuh dan membakar lemak,
termasuk di bagian wajah serta leher. Selain itu, air putih juga sangat
bagus untuk meningkatkan elastisitas kulit yang berarti dapat
menunda penuaan kulit.

sumber : halodoc.com
"
dietgo.kitchen_1632109544_2666650592955222195_30356002527.jpg,"DICIEO)

INEVAOUTUET

apotek Tata Sehat

JI. Mars iy

Utara yj

Jl. Merkur;

a
2
g
S
5
=
s
=
5

Utara xy
Jl. Merk,

Mirai College i

Sil ©
Jl. Tata Surya, Margahayu, Rancasari, Kota Bandung
Swipe untuk Promo Outlet Baru >

1. Mars i

 
"
dietgo.kitchen_1632369625_2668832315627939709_30356002527.jpg,"DIEEGO

a. Olahraga Wajah (The Kiss)

¢ Sambil berdiri, gerakkan kepala menengadah ke atas.

¢ Manyunkan bibir seperti akan mencium langit.

¢ Tahan posisi tersebut selama 5 detik.

¢ Istirahatkan bibir dan kembalikan kepala ke posisi semula.
¢ Ulangi gerakan ini sebanyak 15 kali setiap harinya.

b. Olahraga Wajah (Neck Roll)

¢ Sambil berdiri, tundukkan kepala hingga mendekati dada.

¢ Pelan-pelan, putar kepala ke arah kanan.

¢ Saat posisi kepala menengadah ke atas, tahan hingga 5 detik.

¢ Putar lagi kepala hingga menunduk ke arah dada secara perlahan.
« Lakukan gerakan ini berulang-ulang hingga 15 kali.

sumber : halodoc.com
"
dietgo.kitchen_1632109544_2666650592938489596_30356002527.jpg,"DCE

NEW OUTLET DISCOUNT

ALL 9
25""
DISC

ALL ITEM DISCOUNT 25%

ONLY ON

MARGAHAYU OUTLET

 

@gofood GracFood
"
dietgo.kitchen_1632109544_2666650592963492092_30356002527.jpg,"OUTLET MARGAHAYU

ALL DIETGO OUTLETS

Kota Bandung

—_—————__ OUTLET BANDUNG

OUTLET LEDENG

JI. Cipaku Indah,
Kota Bandung

OUTLET SUMUR
BANDUNG

JI. Naripan No.34,
Kota Bandung

OUTLET CIMAHI

JI. Raya Cibabat
Cimahi, Jawa Barat

OUTLET DAGO OUTLET
JI, Cisitu Indah, PASIRLUYUNG

Kota Bandung JI. Bungursari,
Kota Bandung

OUTLET OUTLET
CIBADUYUT BUAH BATU

Cibaduyut Residence, JI. Sukabirus,
Kota Bandung Kota Bandung

OUTLET CIMAHI

JI. Tata Surya, Margahayu, Rancasari,

OUTLET
ANTAPANI KIDUL

Ji. Randusari Utara,
Kota Bandung

OUTLET
Margahayu

Jl. Tata Surya, Rancasari,
Kota Bandung

DIETGO WEEKLY
GrabFood J svrwow | Sete

 
"
dietgo.kitchen_1632109544_2666650592946898932_30356002527.jpg,"ALL DIETGO OUTLETS

OUTLET JAKARTA

OUTLET PEJATEN OUTLET PURI

JI. Jatipadang Utara JI. H. Mading, Puri Indah,
Pasar Minggu, Jakarta Kembangan Utara, Jakarta

1 DIETGO WEEKLY
GeabFood J swrwow | Sette

 
"
dietgo.kitchen_1631937629_2665208463571136321_30356002527.jpg," 

Nutribrew

Healthy Coffee

all >

« =

IT'S A MATCH!

Dietgo and Nutribrew like each other

Yoshidiet Ice Apple Tea

ORDER NOW

 
"
dietgo.kitchen_1631765720_2663766393144805899_30356002527.jpg,"DICtIEO)

HOWUFENERGIG2

RECHARGE WITH SE'l SAPI

 
"
dietgo.kitchen_1631592043_2662309484789248378_30356002527.jpg,"Dié«GO

Kecerdasan Emosional

Ini sebuah keharusan untuk membangun mental yang kuat.
Seseorang tidak akan bisa kuat mentalnya tanpa kemampuan
untuk memahami dan mengendalikan emosi negatif di dalam
dirinya.

Percaya Diri

Sebuah studi yang dilakukan di University of Melbourne
menunjukkan orang yang percaya diri mendapatkan bayaran
atau gaji lebih tinggi dan dipromosikan lebih cepat dibanding
yang lain. Kepercayaan diri ini akan membantu menginspirasi
yang lain di sekitarnya.

Berani Mengatakan Tidak

Penelitian UC Berkeley menunjukkan bahwa ada momen ketika
seseorang sulit mengatakan tidak atau menolak sesuatu. Orang
yang bermental kuat tahu kapan harus mengatakan tidak, dan
menganggapnya itu lebih menyehatkan.

sumber : cnnindonesia.com
"
dietgo.kitchen_1631592044_2662309485150159102_30356002527.jpg,"DIEEGO

5 KEBIASAAN AGAR

MENTAL (GEO

SWIPE

 
"
dietgo.kitchen_1631592043_2662309484781001927_30356002527.jpg,"4.

DIEEGO

Menerima Kegagalan

Menganggap gagal adalah jalan menuju kesuksesan. Setiap
orang belajar dari kesalahan untuk mengetahui apa yang mesti
dilalui. Caranya dengan melihat dari sudut pandang yang lain
atau out of the box. Temuan besar biasanya lahir dari bagaimana
cara menghadapi kegagalan.

Adaptasi Dengan Perubahan

Untuk membangun mental kuat mesti Fleksibel dan terus
menerus beradaptasi. Tahu bahwa ketakutan akan perubahan
hanya akan menimbulkan kehawatiran dan cemas berlebihan.
Hanya dengan mampu menerima perubahan dan menemukan
yang baik di dalamnya dengan tangan terbuka seseorang akan
dapat menjadi lebih baik.

sumber : cnnindonesia.com
"
dietgo.kitchen_1631166044_2658735940778777143_30356002527.jpg,"DISBEO

GraoFood

mOISKON

 

 

@

    
   

     

       
   
   

Diskon Diskon

  

50x || 9O>,
s/d Rp5Orb
Son Ta la) @©14.00 - 1700

Bisa digabung dengan
Periode : 9-15 September ORE tll)
"
dietgo.kitchen_1631157112_2658661019240789271_30356002527.jpg,") c DiétGo 2
SELAMAT (IARI

eas

OLAHRAGA INASIONAL

 
"
dietgo.kitchen_1630755263_2655290059984652878_30356002527.jpg,"DCEO

NEW OUTLET DISCOUNT

ALL 9
25""
DISC

ALL ITEM DISCOUNT 25%

ONLY ON

PURI INDAH OUTLET

 

@gofood  GraoFood
"
dietgo.kitchen_1630755263_2655290059967952483_30356002527.jpg,"DiétGO

EW OUTLET

 

Ss
Ss
KOKO LAUNDRY Masjid Baiturrahman 9 &
Kembangan Utara &} U
Rumah Kost 98
Kontrakan/kost
(sidup 9. an H masturi
9 Kost kembangan Go. Se,
‘Nggol
Bahoher kost orange anggi Warung ASRI 9
Jalan H. Mading
Faisal
G Pom-Pom Thai
9. by Na; Haji. Mading
9 aim
skun

Swipe untuk Promo Outlet Baru >

elle eM CU em LRM Clem leech a
"
dietgo.kitchen_1630900815_2656511036676782604_30356002527.jpg," 

 

 

 

 

 

 

 

 

BREAKING NEWS

#Dietgokitchen #RevolutionIsMyResolution

2021 resn eN

| “ . .
Made with selected healthy ingredients!
SE

 

| HAVE MANY VARIETY
OF HEALTHY MENU JSS S07We
tense atipacesie ame conswc. HAG SS INT PANN]

AVAILABLE NOW IN BANDUNG,
cate AND alate

 
"
dietgo.kitchen_1630735746_2655126343384111168_30356002527.jpg,"Di uee)

tM AW al hae
WAC Ue vata,

   

maeeeitline J [4

teeta (0)

bemenencetlt © 0)

NET MUL st actu) eed | only on gofood j

 

 
"
dietgo.kitchen_1630735746_2655126343375900103_30356002527.jpg,"re
MEGA OOMIDISCOUNT

BELANJA BANYAK
MAKIN MURAH

GOFOOD PROMO KULINERAN SEPTEMBER

SWIPE UNTUK SELENGKAPNYA —>

Valid Until: 28 Agustus 2021

 
"
dietgo.kitchen_1630755263_2655290059900704291_30356002527.jpg,"ALL DIETGO OUTLETS

OUTLET PURI JI. H. Mading, Puri Indah,
Kembangan Utara, Jakarta Barat

OUTLET BANDUNG

OUTLET LEDENG OUTLET DAGO OUTLET OUTLET

JI. Cipaku Indah JI. Cisitu Indah PASIRLUYUNG ANTAPANI KIDUL

Bandung, Jawa Barat Bandung, Jawa Barat JI. Bungursari JI, Randusari Utara
Bandung, Jawa Barat Bandung, Jawa Barat

OUTLET SUMUR OUTLET OUTLET CIMAHI = OUTLET
BANDUNG CIBADUYUT ance BUAH BATU

JI. Naripan Cibaduyut Residence, Cimahi, Jawa Barat JI. Sukabirus
Bandung, Jawa Barat Bandung, Jawa Barat Bandung, Jawa Barat

OUTLET JAKARTA

OUTLET PEJATEN OUTLET PURI

JI. Jatipadang Utara JI. H. Mading, Puri Indah,
Pasar Minggu, Jakarta Kembangan Utara, Jakarta

DIETGO WEEKLY
GrabFood J svrwow | Sete

 
"
dietgo.kitchen_1630555209_2653611889854408960_30356002527.jpg,"DIECGO

 
"
dietgo.kitchen_1630555209_2653611890173234585_30356002527.jpg,"DIECGO

AUGUST BEST SELLER

MARATHON,

 

BEGIN THE RACE —>
"
dietgo.kitchen_1630555209_2653611889837676304_30356002527.jpg,"ected 2 @) BLE],
erent é
CHICKEN

W
Sane |

SE’| AYAM @

 
"
dietgo.kitchen_1630310552_2651559556367697389_30356002527.jpg,"‘

i vy
Sf
ANNOUNCEMENT ————_ Ps)

 

eN
“ cy

b
PEI ausyaune Poa. W Laas y
>

 
"
dietgo.kitchen_1630310552_2651559556384432170_30356002527.jpg,"ae a Dee) a

ey r « ~
yaa

@anggitsera

anggitsera Investasi jangan cuma di saham aja
tapi di badan juga, selain olahraga kita juga
harus makan makanan sehat ga sih. Kalo diliat
dari menu dan lokasinya @dietgo.kitchen
emang cocok buat mulai makan makanan

sehat menurutku @riooktvnto @titistyss
@cobalebihsehat

3w_ Reply

 

TELAH MENDAPATKAN 1 PAKET LDS
(LUNCH, DINNER, SNACKS)
"
dietgo.kitchen_1630310552_2651559556392843498_30356002527.jpg,"DIEEEO

CN > i v7

* SELAMAT PADA .
PEMENANG

Admin kami akan menghubungi para
pemenang melalui DM Instagram

semoga dengan giveaway ini, para pemenang
dapat mencapai goals kalian bersama
Dietgo Kitchen!
"
dietgo.kitchen_1630310552_2651559556401092295_30356002527.jpg,"mn DIiEtiEC© .

4
4 7 a

eae

@miekewiyanti

miekewiyanti Knapa pilih @dietgo.kitchen ?
Karena jujur belom pernah cobain makanan
sehat gini...karena selau kepikiran kalo makan

sehat itu pasti kurang enak ya...hmmm jd
bener2 deh penasaran pengen cobain
makanan dari @dietgo.kitchen ini...bakal bikin
ketagihan ga ya??@ @ @ yuk coba ikutan
juga kita sehat bareng yu @fedora.limie
@ligoenz @vinalialia

3w 2\likes Reply

 

TELAH MENDAPATKAN I PAKET LDS
(LUNCH, DINNER, SNACKS)
"
dietgo.kitchen_1630310552_2651559556401194573_30356002527.jpg,"ae 2 q
»

ea

@ mitasari28

mitasari28 Karena dengan dietgo kitchen, bisa
tetap jalanin program diet dengan makan yang iy)
enak-enak. Sudah sehat, makan enak puka.

Yuhuuu @ @ @% @oktaviaadr @lavivariskika
@anaz2219

3w like Reply

 

TELAH MENDAPATKAN 1 PAKET LDS
(LUNCH, DINNER, SNACKS)
"
dietgo.kitchen_1629956951_2648593337741546453_30356002527.jpg,"DIEEGO
NEW OUTLET

ff
BUAH BATU

Gy Gam Ya! Rice
9 Box by Mama la

AfamartTekomen @ Q atm aca afamar
University @

9a

Gallant Hous

‘Minimarket

 

Lapangan Tembak
Alfamart Sukabirus

ARCHATEL
Kost La Casa Telkom
9 Icha Dimsum Nasi Go
q Bakar B
Sao
2 9
Kirana Kost Bandung 3 a Rosseror cat Kost Pl
DON! DANI 30 Q warkop Meteor =
Warung Biru
a Kost Ge
JI. Sukabirus No.66 (terusan Buah Batu), Kota Bandung

tgo >

 

e untuk melihat Outlet

 
"
dietgo.kitchen_1629956951_2648593337750028719_30356002527.jpg,"OUTLET BUAH BATU

OUTLET LEDENG

JI. Cipaku Indah VI 14-2,
Bandung, Jawa Barat

OUTLET SUMUR
BANDUNG

JI. Naripan No.34,
Bandung, Jawa Barat

OUTLET PEJATEN

JI. Jatipadang Utara No. Cll
Pasar Minggu, Jakarta

ALL DIETGO OUTLETS

JI. Sukabirus No.66 (Terusan Buah Batu),

Bandung, Jawa Barat 40257

OUTLET BANDUNG

OUTLET DAGO OUTLET
JI. Cisitu Indah No.4 PASIRLUYUNG

Bandung, Jawa Barat JI. Bungursari V No.l
Bandung, Jawa Barat

OUTLET OUTLET CIMAHI
CIBADUYUT JI, Raya Cibabat No.2

Cibaduyut Residence, Cimahi, Jawa Barat
Blok A No.2, Bandung,
Jawa Barat

OUTLET JAKARTA

COMING SOON!

OUTLET
ANTAPANI KIDUL

JI. Randusari Utara No.l
Bandung, Jawa Barat

OUTLET
BUAH BATU

JI. Sukabirus No.66
Bandung, Jawa Barat

DIETGO WEEKLY
GrabFood J svrwow | Sete

 
"
dietgo.kitchen_1629428459_2644160019760118575_30356002527.jpg," 

“To ensure good health: eat lightly, breathe
( deeply, live moderately, cultivate cheerfulness,

and maintain an interest in life.” P=

-William Londen

SS

   
"
dietgo.kitchen_1629170132_2641993019436766421_30356002527.jpg,"Di uee)

nen
KEMERDEKAAN

SWIPE UNTUK SELENGKAPNYA —>

 
"
dietgo.kitchen_1629170132_2641993019579235940_30356002527.jpg,"GraoFood

DISKON ial Ao

DYE oy) DYE} Co) n)
Rp
50. |) °50:
Tone laela ©1400 - 1700

i
"
dietgo.kitchen_1629170132_2641993019461767977_30356002527.jpg,"gofood

Powered by @) GOJCK

MEGAFOOD vi
DISCOUNT

GOFOOD PROMO KULINERAN

@ Only at Setiabudi, Naripan, Antapani, Jakarta Outlet

Periode : 4 - 17 Agustus 2021

i
"
dietgo.kitchen_1629170132_2641993019470339802_30356002527.jpg,"fr) ShopeeFood

PT)
DIBAYARIN SHOPEE

Het) Semua Menu 7O%

Paulin erin) Yee Le) @

 

 

 

| Valid Until : 12 September 2021 | only on ShopeeFood

i

 
"
dietgo.kitchen_1629169246_2641985583824382086_30356002527.jpg,"DIECGO

DIRGAHAYU
INDONESIA

INDONESIA TANGGUH INDONESIA TUMBUH

 
"
dietgo.kitchen_1629170132_2641993019445112618_30356002527.jpg,"ye) gofood
Powered by @) Gojek.

TA ea hal
Wa MeL Vala

GOFOOD PROMO KULINERAN

@ Only at Dago, Cibaduyut, Cimahi, Bungursari Outlet 1)

Periode : 4 - 17 Agustus 2021

_
"
dietgo.kitchen_1628913643_2639841433274372985_30356002527.jpg,"Nutribrew
Healthy Coffee

ii=ag PROTEIN
BISA MENAMBAHKAN
MASSA OTOT?

 
"
dietgo.kitchen_1629007665_2640630150037758014_30356002527.jpg,"WiELICO)

      

3669 cal

—_—

Yoshidiet with
Brown Rice

~
"
dietgo.kitchen_1628913643_2639841433534558201_30356002527.jpg,"Nutribrew

Healthy Coffee

Apa itu Whey Protein?

Whey protein adalah protein yang terdapat di dalam whey,
yaitu sisa susu yang dihasilkan dalam produksi keju.
Jenis protein ini banyak digunakan untuk menambah
massa otot.

Selain membentuk jaringan otot, whey protein juga memiliki

banyak manfaat lain bagi kesehatan. simak slide selanjutnya
untuk mengetahui manfaat whey protein untuk kesehatan.

Manfaat Whey Protein bagi kesehatan >
"
dietgo.kitchen_1628913643_2639841433265989039_30356002527.jpg,"Nutribrew

Healthy Coffee

WHEY SERIES

Nutribrew Whey Series available on
GoFood and GrabFood

Click link in @nutribrew.id bio

beacons.page/nutribrew

\ce Matcha Whey

a
r=

   
"
dietgo.kitchen_1628913643_2639841433257601104_30356002527.jpg,"Nutribrew

Healthy Coffee

Manfaat Whey Protein untuk
Kesehatan

1. Meningkatkan massa dan kekuatan otot
2. Mempercepat penyembuhan luka
3. Memperkuat daya tahan tubuh

4. Mengurangi kolesterol dan tekanan darah

Nutribrew Whey Series >
"
dietgo.kitchen_1628835024_2639181932012084828_30356002527.jpg,"Mengatur Pola Makan

diet adalah mengatur pola makan dengan baik. Untuk
menurunkan berat badan, pola makan harus diatur agar
asupan kalori berkurang.

BCE aye) ela}

Diet bukan berarti tidak makan sama sekali. Tidak makan sama
sekali justru dapat membuat tubuh tidak bertenaga. Daya tahan
tubuh pun ikut melemah sehingga lebih rentan terserang penyakit.

 

sumber : cnnindonesia.com NEXT >
"
dietgo.kitchen_1628835024_2639181932154842545_30356002527.jpg,"Wi cuiCO)

PAD ON als

SAAT DIET UNTUK
eT Oa =) Vat ala

SWIPE UNTUK SELENGKAPNYA or

 
"
dietgo.kitchen_1628835024_2639181932037365605_30356002527.jpg,"Konsultasi dengan Ahli

Konsultasikan cara diet yang tepat dengan ahli seperti dokter gizi
maupun ahli gizi. Ahli akan menentukan diet yang tepat sesuai
dengan kondisi dan kebutuhan tubuh.

Menggunakan Obat Pelangsing

Obat pelangsing yang dijual bebas mengandung banyak bahan
berbahaya dan dapat menyebabkan kerusakan organ.

 

sumber : cnnindonesia.com
"
dietgo.kitchen_1628835024_2639181932045786370_30356002527.jpg,"Kombinasi dengan Olahraga

Kombinasikan dengan olahraga untuk mencapai penurunan
berat badan yang optimal. Sesuaikan olahraga dengan
alan Lela a

Meniru Diet Orang Lain

Setiap orang memiliki kebutuhan yang berbeda-beda sehingga
diet yang dijalani juga akan berbeda. Diet yang dijalani seseorang
belum tentu efektif pada orang lain.

 

sumber : cnnindonesia.com NEXT >
"
dietgo.kitchen_1628835024_2639181932053968489_30356002527.jpg,"Gizi Seimbang

Meski asupan dikurangi, gizi yang masuk ke dalam tubuh harus
tetap seimbang, yang terdiri dari karbohidrat, protein, lemak,
ian ae eT a Mn Ln -an-1

Mengurangi Gizi dengan Ekstrem

Kesalahan yang banyak dilakukan saat diet adalah melakukan diet
yang tidak sesuai dengan kebutuhan gizi seimbang. Diana
menyebut, banyak orang mengurangi atau bahkan tidak
mengonsumsi karbohidrat, protein, atau sayur sama Sekali.

 

sumber : cnnindonesia.com NEXT >
"
dietgo.kitchen_1628486902_2636261669768525995_30356002527.jpg,"Pesan Makan Diet Sehat

Dietgo Kitchen diet sehat
Dietgo Kitchen grilled chicken
Dietgo Kitchen halal

Dietgo Kitchen Weekly Package

#RevolutionlsMyResolution

 
"
dietgo.kitchen_1628659467_2637709246560963333_30356002527.jpg,"  
   

Why choose Dietgo
for achieve your goals ?
"
dietgo.kitchen_1628305238_2634737764186628429_30356002527.jpg,"DIEEGO

CARA MEMBAKAR
7a he)34j DIRUMAH

 
"
dietgo.kitchen_1628305238_2634737764211750382_30356002527.jpg,"DIEEGO

4, Rapikan Kamar Tidur

Ganti seprai kasur, lipat selimut, cuci gorden jendela, rapikan
barang-barang di atas meja atau di bawah kasur, atau sisihkan
barang-barang yang sudah tidak diperlukan.

5. Bersihkan Mobil

Mobil yang telah lama tidak digunakan kini hanya duduk
dikelilingi debu di garasi. Inilah waktu yang tepat untuk
membersihkannya, juga untuk memastikan mesin mobil Anda
tetap dalam keadaan yang baik.

sumber : tirto.id
"
dietgo.kitchen_1628305238_2634737764203426625_30356002527.jpg,"Diét’GO

Menyapu Lantai

Menyapu lantai dapat dilakukan sebagai bentuk olahraga.
Menyapu lantai selama 60 menit diperkirakan dapat
membakar sekitar 170-200 kalori.

2. Bersihkan Debu

Anda dapat membersihkan debu hingga ke sudut-sudut rumah

yang tidak biasa Anda raih di hari normal Anda. Namun, pastikan
mengenakan masker atau menutup wajah ketika melakukannya,
terutama jika Anda memiliki alergi debu.

3. Bersihkan Peralatan Rumah

Bersihkan peralatan kecil di rumah seperti jam dinding, blender,
dan alat-alat dapur. Anda diperkirakan dapat membakar 50-60
kalori untuk tiap peralatan.

sumber : tirto.id
"
dietgo.kitchen_1628150628_2633440802385369172_30356002527.jpg,"DIEZEO
Syarat dan Ketentuan

3 PAKET LDS untuk 3 Orang pemenang
Syaratnya sangat mudah, yaitu :

1. Follow Instagram @Dietgo.kitchen , @lifeathealfit ,
@nutribrew.id , ahopeburger , dan a@getsalad

2. Spam Like di postingan semua akun diatas

3. Comment Alasan kamu memilih Dietgo Kitchen
untuk makanan sehatmu, dan tag 3 teman kamu
di postingan ini!

Pemenang akan diundi berdasarkan comment alasan
kamu memilih Deitgo Kitchen yang paling menarik
dan unik. Goodluck Guys!

 
"
dietgo.kitchen_1628150628_2633440802376827789_30356002527.jpg,"WHAT WILL YOU GET?

SIPAKETEEDS)

(LUNCH, DINNER, SNACK)

 
"
dietgo.kitchen_1628150628_2633440802368612183_30356002527.jpg,".

= vy
&
IT’S TIME FOR ee »

 

i s

b
SPECIAL DIETGO 1"" Fa Saud ,
a

 
"
dietgo.kitchen_1628137770_2633332939842074737_30356002527.jpg,"©

Nutribrew
Healthy Coffee

   

WHEY VARIANT

Ice Matcha Ice Choco
Whey Whey

e RERSo
28.69 Protein ae gy, 28.69 Protein

=e

   
 

    
 
  

  
 
    

Es Kopi Susu

Whey
ele
z 28.6g Protein
‘ 4.59 Fats

15.349 Carbs

 

SWIPE ©
"
dietgo.kitchen_1628137770_2633332939942700946_30356002527.jpg,"Nutribrew

Healthy Coffee

HEALTHY COFFEE
SPECIALTY

 
"
dietgo.kitchen_1628137770_2633332939825174441_30356002527.jpg,"©

Nutribrew

Healthy Coffee

: ~ oo ES KOPI SUSU VARIANT
erie Se

Es Kopi Susu Es Kopi Susu
Skim Bee Pollen

4.689 Protein 4.71g Protein
. 3.72g Fats 3.72g Fats
| 25.249 carbs

GS "", 17.299 Carbs

Es Kopi Susu Es Kopi Susu
Plantbased Whey

aa a
4.5g Protein : 28.64 Protein
3.0g Fats % r 1.59 Fats
1

19.44g Carbs 8.4g Carbs
Gus

     

  

SWIPE ©
"
dietgo.kitchen_1628137770_2633332939850329917_30356002527.jpg," 

 

©

Nutribrew

Healthy Coffee

ANNA

 

     

Ice Hazelnut Ice Mocca
Latte Latte
RES BER

  
     
 

4.689 Protein
. 3.72g Fats

10.859 Carbs

4.689 Protein

Ice Salted Caramel Ice Tiramisu
Latte Latte

e 4.684 Protein
)
Yas!) | s.720 Fas

   
 
       
 

 

Ice Pandan
Latte

4.684 Protein
am 3.72g Fats

10.85g Carbs

SWIPE ©
"
dietgo.kitchen_1628137770_2633332939867165928_30356002527.jpg," 

 

©

Nutribrew
Healthy Coffee

SKIM VARIANT

 

Es Kopi Susu Ice Matcha Skim
Skim

4.689 Protein
3.72g Fats

GS 17.299 Carbs

 

Ice Chocolate
Skim

Sas=

 
  
   

 
 

SWIPE ©
"
dietgo.kitchen_1628137770_2633332939858829106_30356002527.jpg," 

©

Nutribrew

Healthy Coffee

 

Ice Raspberry
Tea

Og Protein

Og Fats

Og Carbs

      
   

Ice Strawberry
Tea

Og Protein

ee
Og Fats

        
   

 

TEA VARIANT

Ice Apple
Tea

Og Protein
Og Fats

o- Fever)
"
dietgo.kitchen_1628046050_2632563539718207065_30356002527.jpg,"Di uee)

MEGAFOOD vi
DISCOUNT

GOFOOD PROMO KULINERAN

® Only at Setiabudi, Naripan, Antapani, Jakarta Outlet 1Q]

Periode : 4 - 17 Agustus 2021

 
"
dietgo.kitchen_1627959625_2631838553449257658_30356002527.jpg,"DIECGO

CATAT! TERNYATA INI

JAM TIDUR IDEAL!

SWIPE

 
"
dietgo.kitchen_1628046050_2632563539735072925_30356002527.jpg,"Disuea

ote ald
WC el vata

GOFOOD PROMO KULINERAN

@ Only at Dago, Cibaduyut, Cimahi, Bungursari Outlet

Periode : 4 - 17 Agustus 2021

 
"
dietgo.kitchen_1627959625_2631838553055144905_30356002527.jpg,"Remaja (14-17 Tahun) Dewasa Muda (18-25 Tahun)
8-10 Jam per hari 7-9 Jam per hari

Dewasa (26-64 Tahun) Manula (>65 Tahun)
7-9 Jam per hari 7-8 Jam per hari

© Anak - anak

Bayi Baru Lahir (O-3 Bulan) Balita (I-2 Tahun)
14-17 Jam per hari 11-14 Jam per hari

Bayi (4-11 Bulan) Pra-Sekolah (3-5 Tahun)
12-15 Jam per hari 10-13 Jam per hari

Usia Sekolah (6-13 Tahun)
9-11 Jam per hari

sumber : alodokter.com

 
"
dietgo.kitchen_1627873245_2631113939243486767_30356002527.jpg,"DCEO)

%
GRABKEUN ro L@,

 

Diskon Semua Menu 60%

LOU anal aleL ieee

Valid Until: 15 Agustus 2021 only on GrabFood

 

 
"
dietgo.kitchen_1627795347_2630460488137306587_30356002527.jpg,"DI6BeO

WAKTUNYA 0
PESAN on

ry

DIETGO! 200

Aart

 

 
"
dietgo.kitchen_1627362386_2626828545890939898_30356002527.jpg,"Dive)

    
 
 
 

332 cal

Grilled Chicke
with Salad
"
dietgo.kitchen_1627624110_2629024050377623503_30356002527.jpg,"PESAN MAKAN
1] eA
PAM OLY Ta Ua
Bae Pals

SA ATA

@ gofood GraoFood

 
 
    
 
  
"
dietgo.kitchen_1627099217_2624620927850051010_30356002527.jpg,"Wi cuiO)

Malam minggu, waktunya
cheating day ? Biasa aja

Malam minggu, Tetap
makan menu diet sehatnya
Dietgo ? Ini baru asik

   

ORDER NOW

GOFOOD GRABFOOD

SHOPEE FOOD CATERING Ne a | eg

  
"
dietgo.kitchen_1626926418_2623171384851727059_30356002527.jpg,"DIEtIEO)

MITOS «aw FAKTA

Semakin Sedikit Lemak, Semakin Baik

untuk diet

 
"
dietgo.kitchen_1626744613_2621646288775477269_30356002527.jpg," 
"
dietgo.kitchen_1626926418_2623171384667174925_30356002527.jpg,"DIEEGO

FAKTANYA

Tubuh membutuhkan tiga nutrisi setiap harinya,

yaitu protein, karbohidrat, dan lemak. Melansir dari
WebMD, lemak baik yang ditemukan dalam makanan
seperti kacang-kacangan, biji-bijian, ikan, alpukat, zaitun,
dan susu rendah lemak dianjurkan dikonsumsi saat diet.

Hal yang perlu dikurangi adalah lemak jenuh dan trans,
yang biasa ditemukan dalam makanan seperti margarin,
jeroan, dan makanan olahan.

sumber : halodoc.com

 
"
dietgo.kitchen_1626670839_2621027426392879743_30356002527.jpg,"DIEIEO)

CATAT ! INI
ee) als KONSUMSI
DAGING KURBAN

 

 
"
dietgo.kitchen_1626670839_2621027426602808270_30356002527.jpg,"Mengonsumsi Daging Kurban
dengan Sehat

Kita tetap bisa mengonsumsi daging kurban dengan cara
yang lebih sehat. Misalnya, memilih potongan daging merah
tanpa lemak dengan terlebih dahulu dipisahkan bagian lemak
yang menempel di sisi atau sekeliling daging.

Cara mengolah daging juga memengaruhi kandungan daging.
Nah, demi kesehatan, sebaiknya kita hinari mengolah daging

dengan cara digoreng.

Slide untuk cara pengolahan —>

sumber : lifestyle.kompas.com

 
"
dietgo.kitchen_1626320654_2618089865525164904_30356002527.jpg,"DIECGO

at au KARBOHIDRAT,
KARENA MENYEBABKAN

NAIKNYA (215, 7aUil Jal 970)

SWIPE

 
"
dietgo.kitchen_1626501582_2619607601561919146_30356002527.jpg,"DiELICO)

      
 

351 cal
=

RYE Te
Brown Rice
"
dietgo.kitchen_1626670839_2621027426560865626_30356002527.jpg,"Cara Mengolah Daging Kurban
yang Aman untuk Kesehatan

Mengolah daging kurban dengan cara dipanggang akan lebih
aman untuk kesehatan kita. Untuk menghilangkan bagian berlemak,
kita bisa merebus daging kemudian membiarkannya dingin selama
beberapa saat. berikut tips mengolah daging agar lebih sehat:

© Membumbui daging dengan campuran bawang putih, air jeruk
lemon, dan minyak zaitun untuk mengurangi pembentukan zat
karsinogenik

o Menggunakan api sedang dan tidak membakar daging secara
langsung di atas bara api

© Jika harus menggunakan api besar, jangan lupa membolak-balik
daging setiap beberapa menit

°

Membuang bagian daging yang terbakar atau gosong

sumber : lifestyle.kompas.com
"
dietgo.kitchen_1626320654_2618089865265274914_30356002527.jpg,"DiEEGO

FAKTANYA

Karbohidrat tidak menyebabkan kenaikan berat badan.
Berat badan Anda akan naik jika Anda mengonsumsi
terlalu banyak kalori, entah itu karbohidrat,
lemak atau protein.

sumber : health.kompas.com
"
dietgo.kitchen_1626064080_2615937569391830503_30356002527.jpg,"WIELICO)

CaN Wauea au
YANG HARUS
KAMU TAU !

   
"
dietgo.kitchen_1626064080_2615937569576399358_30356002527.jpg,"DISUSO

1. Yoghurt

yoghurt adalah makanan yang mengandung probiotik
alami yang bisa membantu pembentukan bakteri baik
dalam tubuh kamu. Carilah yoghurt yang ada tulisan
“kultur hidup dan aktif pada labelnya, seperti yoghurt
Yunani. Kultur ini bisa merangsang sistem kekebalan t
ubuh kamu untuk membantu melawan penyakit.

2. Kunyit

Rempah-rempah berwarna kuning ini dikenal akan sifat
antioksidan dan antiinflamasi. Inilah mengapa kunyit
sudah digunakan selama bertahun-tahun untuk
mengobati penyakit akibat peradangan, seperti
osteoarthritis dan rheumatoid arthritis.

sumber : halodoc.com
"
dietgo.kitchen_1626064080_2615937569374952142_30356002527.jpg,"DISUSO

5. Biji Bunga Matahari

Biji bunga matahari kaya nutrisi, termasuk Fosfor,
magnesium, dan vitamin Bé dan E. Vitamin E penting
dalam mengatur dan memelihara Fungsi sistem kekebalan.
Nutrisi tersebut juga bekerja sebagai antioksidan yang
Mmampu menetralisir radikal bebas. Berbagai penelitian
menemukan bahwa nutrisi tersebut bisa melawan infeksi
virus, seperti Flu babi (HIN1).

6. Kerang

Kerang mungkin bukan makanan yang terpikirkan oleh
kamu ketika ingin meningkatkan sistem kekebalan tubuh,
tapi beberapa jenis kerang mengandung seng. Meskipun
tidak sepopuler vitamin dan mineral lainnya, seng berperan
penting dalam membantu sel kekebalan agar bisa berfungsi
sebagaimana mestinya.

sumber : halodoc.com
"
dietgo.kitchen_1626064080_2615937569366601113_30356002527.jpg,"WiELIC®)

Re Sele ma ila)

Tidak hanya bisa menambah kelezatan makanan, bawang
putih juga merupakan makanan anti-virus alami yang
bisa memberikan perlindungan dari Flu musiman. Selain
itu, konsentrasi tinggi akan senyawa yang mengandung
sulfur, seperti allicin, juga membuat bawang putih bisa
membantu menambah kekebalan tubuh.

4. Buah-buahan Asam

Saat sedang mengalami flu, kamu mungkin sering
dinasehati untuk memperbanyak mengonsumsi vitamin C.
Vitamin tersebut membantu membangun sistem kekebalan
tubuh kamu. Nah, vitamin C bisa ditemukan pada hampir
semuabuah-buahan asam, seperti jeruk, jeruk nipis,

jeruk lemon, dan grapefruit.

TUT a nl ox-iae eden LorenoColn a)
"
dietgo.kitchen_1625630406_2612299647399475301_30356002527.jpg,"DELCO)

with Potatoes

 
"
dietgo.kitchen_1625803225_2613749358235240156_30356002527.jpg,"WiCuICe)

 

#KALIANHARUSTAU

Se’i berasal dari bahasa Rote yang berarti daging yang diiris tipis
memanjang. Awalnya, daging sei menggunakan daging rusa.
Karena rusa semakin langka dan dilindungi, maka sekarang

yang dipakai adalah daging sapi atau daging ayam

 
"
dietgo.kitchen_1625636613_2612351714698751855_30356002527.jpg,"WiELICO)

GraoFood

BOISKON

 

 

Cashback OVO Points Ta
@1100 - 1400 %
Diskon Diskon

50. BO.»

Yet Tarl) @©14.00 - 1700

Periode : 7-9 Juli 2021 only on GrabFood

 
"
dietgo.kitchen_1625284858_2609400980161606964_30356002527.jpg,"  
 
 
 
   

DIEEGO

Yuk simak lebih lanjut

GIZI DAN

PROTEIN
Pada

TS
"
dietgo.kitchen_1625284858_2609400980178227229_30356002527.jpg,"DIEEGO

Dalam 100 gram daging se’i mengandung protein yang
cukup tinggi, 32 gram. Selain protein, daging se’i juga
mengandung lemak sekitar 6 gram, zat besi 5 miligram,
Fosfor 300 miligram dan kalsium 15 miligram.

Jika dimakan lengkap bersama nasi putih / nasi merah
dan sayuran, sepiring saja sudah menyajikan gizi lengkap
yang dibutuhkan tubuh.

 

sumber : idntimes.com
"
dietgo.kitchen_1625113819_2607966198672302977_30356002527.jpg,"DiEEGO

CATAT! Ex3=)/b ava
YANG BISA BUAT

>) ae] GAGAL

 
"
dietgo.kitchen_1625113819_2607966198663771833_30356002527.jpg,"DIEUCO
1. Tidak Sarapan Protein

Pola makan tinggi protein, terutama di pagi
hari, tidak hanya mengarah pada efek termal
yang lebih tinggi (membakar lebih banyak
kalori sepanjang hari), tetapi juga menjaga
massa tubuh tanpa lemak yang lebih baik,
serta melindungi metabolisme tubuh

yang lebih baik

sumber : kompas.com

 
"
dietgo.kitchen_1625113819_2607966198563164008_30356002527.jpg,"Diseeo
2. Tidak Bersyukur

Mindset atau pola pikir adalah hal penting.
Jika kamu tidak menjalani pola makanmu
dengan mindset yang tepat, kemungkinan
sukses memiliki bentuk tubuh yang ideal
juga mungkin akan gagal.

TODAY i
1AM Ah

GRATEFUL

sumber : kompas.com

 
"
dietgo.kitchen_1624766143_2605049678018186559_30356002527.jpg," 

CAN YOU FIND SOMETHING WRONG?

CCCCCCCCCCCCC
CCCCCCCCCCCCC
CCCCCCCCCCCCC
CCCCCCCCCCCCC

CCCCCCCCCCCCC
CCCCCCCCCCCCC
CCCCCCCCCCOCC
CCCCCCCCCCCCC
CCCCCCCCCCCCC

 
"
dietgo.kitchen_1625113819_2607966198546470776_30356002527.jpg,"DICLIEO)

3. Menunggu Lapar
untuk makan

Hal terburuk yang dilakukan orang-orang yang
berjuang menurunkan berat badan adalah
menunggu lapar untuk makan. Padahal, kebiasaan
tersebut dapat menjadi bumerang karena mereka
akan menjadi sangat lapar sehingga mereka

akan cenderung makan berlebih atau memilih
makanan yang tidak sehat. a

  

TUT an) mea oltre)
"
dietgo.kitchen_1623822480_2597133664420934829_30356002527.jpg," 

OPRENINGIPROMO

CIBADUYUT & CIMAHI

ry: [ag Loe

NEE 2

 
"
dietgo.kitchen_1623480531_2594265189948261485_30356002527.jpg,"DIEEGO

Mifos atau Fakta?
Makanan kemasan berlabel
‘rendah lemak’ pasti lebih sehat.

 
"
dietgo.kitchen_1623480531_2594265189939789681_30356002527.jpg,"DIEEGO

Faktanya tidak selalu demikian.
Makanan berlabel 'rendah lemak’
kadang-kadang justru mengandung bahan lain
dengan kadar tinggi, seperti gula.
Untuk memastikannya, teliti label nutrisi
pada kemasan makanan.

 
"
dietgo.kitchen_1622795920_2588522256787679634_30356002527.jpg,"Camilan sehat tidak hanya memberikan energi,
melainkan juga menjaga nafsu makan biar tidak
kalap saat makan siang atau malam nanti. Plus,
makan cemilan sehat untuk diet akan
memastikan metabolisme lemak tetap berjalan.

 
"
dietgo.kitchen_1622795920_2588522256821132668_30356002527.jpg,"DIEEGO

CEMILAN SEHAT SAAT DIET

Snack menjadi bagian diet

sehat. Saat memilih camilan,

sebaiknya pilih yang

mengandung protein dan juga

serat. Semua nultrisi ini

membutuhkan waktu lebih 4

lama untuk dicerna sehin 19:

dapat membuat kamu
meenyang lebih lama.

  
  
   
 
    
  
"
dietgo.kitchen_1623213556_2592025639817462221_30356002527.jpg,"   

~

@dietgo.kitchen

CC] ge] +) foley Ma Clo) gelele]
i
"
dietgo.kitchen_1622795920_2588522256804580592_30356002527.jpg,"Dalam sehari kamu bisa memilih
snack diet di jam 10 pagi dan juga
pada sore hari sekitar pukul 15.00

atau 16.00 sore.

©

Dan sebaiknya cemilan
memiliki < 200 kalori,
dengan kandungan protein 10
gram dan 5 gram serat.
"
dietgo.kitchen_1622538310_2586361263504514606_30356002527.jpg,"ON TRAGK

DIEEGO

 
"
dietgo.kitchen_1622538310_2586361263471091782_30356002527.jpg,"PERIODE: 31 MEI - 20 JUNI 2021

iW DISCOUNT; en

“iG,

GET THROUGH GfaoFOood

| an [an we CS a ae |

 
"
dietgo.kitchen_1622538310_2586361263512944045_30356002527.jpg,"DIEL.CO

7\DISCOUNTAN

25)

PERIODE: 26 MEI - & JUNI 2021

 
"
dietgo.kitchen_1622538310_2586361263487729077_30356002527.jpg," 
"
dietgo.kitchen_1622437212_2585513191889763587_30356002527.jpg,"LE > suacen

 

Veggies (Lettuce, Tomato, Cucumber)

Po uc
Metre ase)
"
dietgo.kitchen_1622365233_2584909386589056567_30356002527.jpg," 

Sebutin dong produk Dietgo yang
paling sering kamu pesen di kolom

komentar!

 
"
dietgo.kitchen_1622538310_2586361263496197169_30356002527.jpg," 

MONDAY, ‘TUESDAY¢ WEDNESDAY,

=GRILLED CHICKEN “a a ree — Sey aad
Vz iz )

WITH POTATO WITH BROWN RICE BROWN RICE
=GRILLED CHICKEN eal aN irate BT Map esa)
WITH SALAD Ut Led

Total Caterttan GF Total Gattertie Total Cateritea TABLED

iTHURSDAY¢ ERIDAY¢ SATURDAY,

Bel ta Zap Bele yalaet a A pel ah aU
BROWN RICE POTATO POTATO

Bette ya La -GRILLED CHICKEN SAT
BROWN RICE WITH BROWN RICE POTATO

Tota Calories TAG G=2 TOE Calories G7A,F=4 Teta) Calories GOF=2

(cla k)
THROUGH

ye
SWIPE FOR DISCOUNT INFO >>>

 
"
dietgo.kitchen_1622275232_2584154401869143770_30356002527.jpg,"DIEEGO

GOALS BULAN INI

& BERESIN KERJAAN
DENGAN CEPAT

@ MEMBIANGUN
KEBIASAAN TIDUR
YANG SEHAT

& DIET LANCAR
TANPA HALANGAN

’ &% BELAJAR BAHASA
ASING

Ml OLAHRAGA SECARA
RUTIN

@dietgo.kitchen

 

Ce [Tz TT Et TT
"
dietgo.kitchen_1622084417_2582553734515985802_30356002527.jpg,"UNI/ALASANIKENAPA
([KAMU (GABOLEH(MAKAN
s{TERBURU=BURU

 
"
dietgo.kitchen_1622084417_2582553734532812203_30356002527.jpg,"TAHUKAH KAMU?

Otak memerlukan waktu sekitar 20 menit
untuk menyadarkan bahwa kita sudah
kenyang.

 
"
dietgo.kitchen_1622084417_2582553734524321615_30356002527.jpg,"a LAD Za

Ketika kamu makan dengan cepat, kamu
bisa makan lebih banyak dari yang
seharusnya dibutukan tubuh.

 
"
dietgo.kitchen_1622084417_2582553734499259737_30356002527.jpg,"AKIBATNYA

Kamu bisa makan lebih banyak
asupan kalori, yang membuat
overeating, hingga meningkatkan
obesitas.

 
"
dietgo.kitchen_1622016045_2581980187846450124_30356002527.jpg," 
 
 
   
 

 
  
  
   
 

ne!

iy»

Wl eg'N

(AIR{KEUAPA|BENERAN

(BISA{BANTU|BIKIN(KURUS?

 

 
"
dietgo.kitchen_1622084417_2582553734490784386_30356002527.jpg,"EALTHY FIT KITCHEN

Tahukah kamu, idealnya waktu
dibutuhkan seseorang untuk makan
adalah 20-30 menit.

Tips Makan lebih Lambat
I. Pasang timer selama 20-30 menit
2. Kunyah makanan sebanyak 15-30 kali
3. Letakan sendok garpu di setiap suapan
. Minum air putih setiap beberapa suap.

A
° » 7, ]
\\\ foe \

  
"
dietgo.kitchen_1622016045_2581980187896613341_30356002527.jpg,"ae LCV Bae

 

Dalam 250 ml air kelapa, mengandung
45 kalori, 10 gram karbohidrat, 1 gram
protein, serta O gram lemak.
"
dietgo.kitchen_1621850428_2580590890396826935_30356002527.jpg,"#DIETGOGAMES

”)
=)
=
rT]
=
©
—
Lu
fa)
in
Q
=
rs

 
"
dietgo.kitchen_1622016045_2581980187661728761_30356002527.jpg,"SELAIN ITU

segelas air kelapa juga mengandung 2,6
gram seratdanI,7_ protein yang bisa
membuat rasa lapar kamu berkurang!

 
"
dietgo.kitchen_1621677629_2579141346970803418_30356002527.jpg,"    

ww

OSHIDIE

”
"
dietgo.kitchen_1621760431_2579835944102691415_30356002527.jpg,"DIEE.GO

INI[BANY AKNYAYKALORI
KOPIhYANG[KAMU[MINUM|

 

CAPPUCINO COFFEE LATTE

140 Kcal ers oe Cr)

Se

FRAPPUCINO BLACK COFFEE

370 Kcal 3 Kcal

 
"
dietgo.kitchen_1621587632_2578386401274656433_30356002527.jpg,"E k
7 PENCERNA
AN YANG ,'
Ld

 
"
dietgo.kitchen_1621404057_2576846463643400572_30356002527.jpg," 

er ie

Cle Dalle mel)

 

 

~~
"
dietgo.kitchen_1621490413_2577570870100201254_30356002527.jpg,"  
     

lel aeeleM tice)

CCT ge] ol rolole Rm Co golele|

   
"
dietgo.kitchen_1621234849_2575427044329167473_30356002527.jpg," 

 
"
dietgo.kitchen_1621310403_2576060836639833490_30356002527.jpg,"DIELGO

MANFAAT WORTEL

09g protein / 9,6g carbs / 2,8g fiber

Menjaga kesehatan mata
Menurunkan kolestrol

Baik bagi penderita diabetes
Kaya akan nutrisi
Meningkatkan imunitas tubuh

Baik untuk otak
41 kcal

per 1IOOg

  
"
dietgo.kitchen_1621046537_2573847362057571365_30356002527.jpg,". DIEEGO

      
   

  

Dietgo Fried Chicken
465 Kcal Only!

Te la
"
dietgo.kitchen_1621141247_2574641846596097751_30356002527.jpg,"BANYAKNYAYKALORI
IKUEWKERING

       

: e /) . ae
: - =
LIDAH KUCING KASTANGEL COKLAT

eM (elf 19 20.3 Keal/pc 120 Kcal/pc

 

Me
PUTRI SALJU NASTAR

22.5 Keal/pc 25.6 Keal/pe
"
dietgo.kitchen_1620975645_2573252678582229845_30356002527.jpg,"DIEEGO

aed

WAKTU YANG TEPAT

UNTUK OLAHRAGA

_--- Walatpun tidak ada patokan
waktu yang paling tepat untuk
. olahraga, namun olahraga di
~ waktu pagi, sore, dan malam
_ hari ada manfaatnya
masing-masing. —

  
  
      
"
dietgo.kitchen_1620975645_2573252678565293951_30356002527.jpg," 

\NTU MENGONTROL NAF
DI SEPANJANG HARI

 
"
dietgo.kitchen_1620975645_2573252678573662054_30356002527.jpg," 
 
  
 
 
  
 
 

WAKTU YANG TEPAT UNTUK
MELEPAS STRES

KEKUATAN DAN DAYA TAHAN
LEBIH TINGGI, OLAHRAGA LEBIH
INTENS

PENGGUNAAN ENERGI
CENDERUNG LEBIH EFEKTIF
KARENA OKSIGEN DISERAP LEBIH
CEPAT DARIPADA PAGI HARI

  
"
dietgo.kitchen_1620874810_2572406815374236445_30356002527.jpg,"pigaea

Selamat
| ET am t= \VZ-|
> ae Raity

 
"
dietgo.kitchen_1620806406_2571833003272913793_30356002527.jpg,"   

   

i eadietgo.kitchen
CC] geo) zolele Mm Cle) gelele]
"
dietgo.kitchen_1620363608_2568118542263570636_30356002527.jpg,"DiébGO

OLAHRAGA YANG
BISA KAMU LAKUKAN
KETIKA BERPUASA

Utamanya saat berpuasa,
olahraga ringan tetap
perlu dilakukan untuk men-
jaga kesehatan dan ke-
bugaran tubuh.

 

Cree Acie Clee aod
"
dietgo.kitchen_1620529252_2569508063210660748_30356002527.jpg," 

@dietgo.kitchen
GrabFood & GoFood
"
dietgo.kitchen_1620702023_2570957375186876465_30356002527.jpg,"DIEEGO

(MULAI[DIET(KAMU[HARI[INI!
q@REVOLUTIONISMYRESOLUTION

WHAT I ACTUALLY
ize

  

WHAT PEOPLE THINK
Ta me) Wd)

 

Cele] a Ll Rll) Fla a
"
dietgo.kitchen_1620363608_2568118542272017645_30356002527.jpg,"Bersepeda Sore

Bersepeda saat puasa juga
menjaga tubuh agar tidak
lemas karena dengan
bersepeda pikiran juga
lebih tenang dan oksigen
yang masuk ke dalam
tubuh bisa terkontrol lebih
mudah.

 

 
 
 
 

  
"
dietgo.kitchen_1620363608_2568118542246694017_30356002527.jpg," 

Yoga Ringan

yoga termasuk olahraga ringan karena tidak
erlalu menguras energi. Berlatih yoga saat
berpuasa mampu menjaga tubuh tetap segar,
bugar dan lebih rileks.
"
dietgo.kitchen_1620363608_2568118542263500559_30356002527.jpg,"elm m mere lefe Le]

Bersepeda saat puasa juga
menjaga tubuh agar tidak
lemas karena dengan
bersepeda pikiran juga
lebih tenang dan oksigen
yang masuk ke dalam
tubuh bisa terkontrol lebih
mudah.

 
"
dietgo.kitchen_1620190845_2566669304065413398_30356002527.jpg," 

@dietgo.kitchen

GrabFood & GoFood
"
dietgo.kitchen_1620363608_2568118542288685108_30356002527.jpg," 

» he

 

Jogging/treadmill Ringan

Jogging sebenarnya mirip dengan berjalan santai namun
dengan ritme yang sedikit lebih cepat. Tidak perlu
khawatir, jogging masih termasuk ke dalam olahraga
ringan yang dapat dilakukan selama puasa dan

dapat dilakukan kapan saja.
"
dietgo.kitchen_1620034116_2565354564903977020_30356002527.jpg,"7

  

AU fs :
: LOESPETL ‘3AGO00 : f >.

     
"
dietgo.kitchen_1620034116_2565354564920703473_30356002527.jpg,"%

2

S

THEA ANTRSIOVERY,
5 EONGRATULATIONSETORTHE? WINNER
4

 

AMAHDIVAHSYIEA
Zé AMENTARITZ:

@QNAILANPE

 

 

GrabFood & GoFood adietgo.kitchen
"
dietgo.kitchen_1619758806_2563045091256891841_30356002527.jpg,
dietgo.kitchen_1620025260_2565280272341097152_30356002527.jpg,"DIELCO)

MINUM &
GELAS SEWART
AGAR TIDAK
DEHIDRAST!

 

 
"
dietgo.kitchen_1619683205_2562410907006087991_30356002527.jpg," 

’ dietgo.kitchen EDs.
"
dietgo.kitchen_1619758806_2563045091248444718_30356002527.jpg,"DIEEGO

(Rerbanyak (Konsumsi Air (Rutih
(Dibandingkan (Minuman (Manis

 

Batasi meminum sirup manis dengan kadar gula yang tinggi satu

gelas perhari. Sisanya konsumsi air putih, rasa dahaga akan lebih

tuntas dengan meminum air putih. Asupan air dalam tubuh harus

memadai untuk menghadapi waktu puasa. Tubuh yang terhidrasi
dapat mengontrol rasa lapar dengan lebih baik.

 

(Berbukalah,secukupnya
dengan ringan dan.seimbang

Memikirkan jenis dan jumlah makanan yang dikonsumsi sepanjang
bulan Ramadhan adalah hal yang cukup penting. Makanan yang

dipilih baiknya memiliki substansial yang sama

seperti diet pada waktu normal.

 
"
dietgo.kitchen_1619758806_2563045091231796859_30356002527.jpg,"DIELGO

(Hindari makanan yang (penuh
(lemak jenuh untuk(menu (makan(malam

Cobalah menu-menu sehat seperti dada ayam panggang,

dan sayur rebus macam lalapan, sup atau sayur bening.

FTE Mr mellem n) SMe ELE VEL

Atau, kamu bisa juga berbuka dengan menu sehat dietgo!

 

(Buat:sahurmu (lebih optimal dengan(makanan
(profein SIC

Konsumsilah karbohidrat kompleks seperti nasi merah,
roti gandum, dan sertakan sumber protein sehat seperti keju

dan telur. Kombinasi ini dapat menjaga kadar gula darahmu

tetap stabil sehingga gak mudah kelaparan saat puasa.

 
"
dietgo.kitchen_1619683205_2562410907014319861_30356002527.jpg,"Tahukah kamu, rata-rata kalori yang terkandung pada

1 bungkus mie instan adalah 330 kalori. Saat kamu memakan
mie instan, rasa kenyang yang didapatkan hanya bertahan
sebentar saja. Hal itu akan membuat kamu mencari asupan

energi dari makanan lain yang artinya jumlah kalori masuk
ke dalam tubuh akan semakin banyak!

\Yuk,mulal pechaitikan
\kalori dan gizi yang
(terkandung dalam
makanan yang
(kamu makan yaaal

 

rl M tet)
"
dietgo.kitchen_1619507747_2560939058604199880_30356002527.jpg," 

GRABIPROMO

ALL ITEMS!

 

ero ‘ ee ae

NEE"" 2
"
dietgo.kitchen_1619485244_2560750293477070448_30356002527.jpg,"DIEEGO

MITOSU

Faktanya, sarapan menjadi bagian penting dari diet
menurunkan berat badan. Jika kamu tidak sarapan
di pagi hari, kadar gula darah yang rendah dapat
memicu peningkatan hormon lapar. Kamu bisa
merasa kelaparan saat jam makan siang tiba, atau
bahkan sebelumnya. Efeknya, keinginan untuk
mengonsumsi makanan tidak sehat dan makanan
berlemak akan jauh lebih besar

dietgo.kitchen
"
dietgo.kitchen_1619485244_2560750293493826524_30356002527.jpg,"DIECGO

Ga Sarapan [Bikin (Kurus
(Mitos s atau Fakta?! .

 
"
dietgo.kitchen_1619239527_2558689064127904502_30356002527.jpg," 

 

WEEKIVAPACKAGE
[ETARVANDESURLOOR

RZ eer ei a)

368.000

 
"
dietgo.kitchen_1619337644_2559512132335785085_30356002527.jpg," 
"
dietgo.kitchen_1619239527_2558689064161494630_30356002527.jpg," 

 

 

 

   

ro). M Epo fet (a)
WITH BROWN RICE

TOTAL CALORIE

681 kcal

 
"
dietgo.kitchen_1619239527_2558689064153014427_30356002527.jpg," 

   

GRILLED CHICKEN

WITH POTATO GRILLED CHICKEN

i eyat ete)

TOTAL CALORIE

671 kcal

 
"
dietgo.kitchen_1619239527_2558689064186656852_30356002527.jpg,"   

NA)

WITH BROWN RICE BS) Sol

WITH BROWN RICE

TOTAL CALORIE

740,56 kcal

 
"
dietgo.kitchen_1619239527_2558689064169812241_30356002527.jpg," 

 

 

 

   

eT)

Ari tettth lle GRILLED CHICKEN

WITH POTATO

TOTAL CALORIE

728,38 kcal

 
"
dietgo.kitchen_1619239527_2558689064178223307_30356002527.jpg," 

   

NA)

WITH POTATO oS Sot

WITH POTATO

TOTAL CALORIE

485,06 kcal

 
"
dietgo.kitchen_1619239527_2558689064136283295_30356002527.jpg,"   

eT)

WITH POTATO GRILLED CHICKEN

WITH BROWN RICE

TOTAL CALORIE

674,28 kcal

 
"
dietgo.kitchen_1619170248_2558107914882421542_30356002527.jpg,"poe

ae Ponce bea =

    

(Burger =
baci Scd
"
dietgo.kitchen_1618995615_2556642982051449149_30356002527.jpg,"DiEHIE@)

lBukber,Sehat, Dimanapun)
Dietgol

dietgo.kitchen
"
dietgo.kitchen_1618898439_2555827811746017766_30356002527.jpg," 
"
dietgo.kitchen_1618995615_2556642982076759873_30356002527.jpg," 

BukberDi/Rumah

@gofood

GraoFood
"
dietgo.kitchen_1618995615_2556642982060095104_30356002527.jpg," 

_— |
Dine

  

   
"
dietgo.kitchen_1618898439_2555827811754442133_30356002527.jpg,"Dié«’GO

Berenang

Deo o PONE Roe ei cate)
Pee en une Rue e unur ur hee)
punggung dapat membakar sekitar 298 kalori per 30 menit.

Yoga

Penelitian membuktikan, wanita yang memiliki obesitas
Due Cun a eae Cu cern Let
Re ee ken Cuuecur aur te

 

CITT irl)
"
dietgo.kitchen_1618898439_2555827811762783383_30356002527.jpg,"DIEEGO

Jogging

We eC UG aCe ea Caen)
De Ue er ee eC ee ieee el
Cru or eens

(dengan kecepatan 8 kilometer per jam)

Bersepeda

De CHat e eu ener Cur euy
Pee Ue Ter ene ee ea eu eLg
Pel ee Cures eens

 

dietgo.kitchen
"
dietgo.kitchen_1618729247_2554408531372376763_30356002527.jpg,"ws

I

 

Plant=Based,
lijulaparsihic

(Tar TeM i)
"
dietgo.kitchen_1618565448_2553034484990605009_30356002527.jpg,"      
   

Reminder

   

Berbukalah dengan
yang manis dan makan
sehat bersama dietgo!

dietgo.kitchen
"
dietgo.kitchen_1618729247_2554408531389149187_30356002527.jpg,"DIEEEO

Plant-based burger dietgo terdiri
dari bun burger wijen spesial, selada,
dan tomat segar, juga patty burger
plant-based “ayam” yang gurih dan
dibalut dengan lelehan keju beserta

olesan saus mustard ala dietgo!

For your info, burger kita
cuma mengandung 354 kalori loh!

Get yours now!

(Tare eM i)
"
dietgo.kitchen_1618462851_2552173835888615353_30356002527.jpg,"DIEE.CO

UD ST(LUNCHNDINNERYSNACK))

PAKET

Swipe >>>

nn

2
y
Cs
3
s
co
at
8
ry
Fy
2
6

 
"
dietgo.kitchen_1618462851_2552173835938853950_30356002527.jpg,"TEBAK KALORI SI MANIS,
BULAT, DAN BERISI
YANG LAGI HITS INI!

——
——S>

— @
a
— .
- ‘

—]

   
"
dietgo.kitchen_1618462851_2552173835905230488_30356002527.jpg,"GRILLED
CHICKEN

SALAD

 
"
dietgo.kitchen_1618462851_2552173835880047570_30356002527.jpg,"TEBAK KALORI SI MANIS,
BULAT, DAN BERISI
YANG LAGI HITS INI!

 
"
dietgo.kitchen_1618369252_2551388669224638812_30356002527.jpg,"dietgo.kitchen

 
"
dietgo.kitchen_1618462851_2552173835896847913_30356002527.jpg," 

SYARAT DAN KETENTUAN

1. FOLLOW DIETGO
2. LIKE SEMUA POSTINGAN DIETGO
3. TEBAK KALORI DENGAN KOMENTAR

DI KOLOM KOMENTAR YA!

4. TAG 5 TEMAN KAMU JUGA

5. SHARE POSTINGAN INI

 

GrabFood & GoFood edietgo.kitchen
"
dietgo.kitchen_1618282811_2550663552311299031_30356002527.jpg,"DIEBEO

‘Selamat,
BulantSuel
"
dietgo.kitchen_1618224662_2550175759537034916_30356002527.jpg,"     

  

Clare LeM Theta)
"
dietgo.kitchen_1617678005_2545590068916506242_30356002527.jpg,"   
 
 
  

DIEEGO

GIZI DAN
PROTEIN

Pada daging ayam! yet

Swipe Left >>
"
dietgo.kitchen_1617678005_2545590068924698191_30356002527.jpg,"Gizi dan Protein
Daging Ayam

Daging ayam (85 gram) memiliki 102 kalori, 2 gram lemak, dan 19 gram protein.
Jika dengan kulit, dada ayam mengandung 366 kalori, 14 gram lemak,

Cella uit alae rT oro [eT ROLE CER LUCE Let Lu Sm eC U1 Le
Meski begitu, daging ayam memiliki lemak yang sedikit. Selain itu, daging ayam
juga memiliki banyak nutrisi, seperti Fosfor, kalsium, kalium, dan zat besi.

Jika sudah diolah, nutrisi daging ayam (85 gram) meningkat hingga 364 kalori,
34 gram protein, 13 gram karbohidrat, dan 18 gram lemak.

Setelah diolah, daging ayam terbukti memiliki kandungan nutrisi yang lebih besar.
Selain itu, daging ayam yang diolah memiliki kandungan karbohidrat yang
lumayan tinggi.

 

dietgo.kitchen
"
dietgo.kitchen_1617087654_2540637851205451371_30356002527.jpg,"FRIED CHI

w/ Salad, Scrambled Egg, & Potato eres

 
"
dietgo.kitchen_1617170438_2541332290578935817_30356002527.jpg,"DIELGO

‘Se’i;Sapi Grilled,Chicken
with/Brown|Rice (with\Potate| Wedges

 
   
"
dietgo.kitchen_1616734808_2537677964462913691_30356002527.jpg," 

BERAPAYKALORIIDIBAKAR
IRERIIAM 2

   

“oy

Hula Hoop Ry Sid
L-2- 8 Ce] oa] 735 Kalori

o<

    

Berenang Sepeda Santai
514 Kalori 294 Kalori

 
"
dietgo.kitchen_1616914828_2539188079005852588_30356002527.jpg,"Diét GO

DIET SEHAT
MAKAN TE JEP ENAK

 
"
dietgo.kitchen_1616566346_2536264796069973453_30356002527.jpg," 

JAKARTA
SOFT OPENING

    

—

tid Jt
Cease —-*
A€ — Sion

 
"
dietgo.kitchen_1616396427_2534839411282973700_30356002527.jpg,"DIEEGO

BERAPA) KALORI

DESSERT BOX?

   
 

Coll cele het)
"
dietgo.kitchen_1616295651_2533994047365756202_30356002527.jpg,"BVE REY.
, PAVAIIABIE ONE

 
"
dietgo.kitchen_1616040037_2531849795989236220_30356002527.jpg," 

KESAVAHANIBEMULA
DAV ARAIO TET

 
    

Pd

CIT celoM fbn)

 
"
dietgo.kitchen_1616396427_2534839411308143655_30356002527.jpg," 

300ml! Whipped Cream
1000 kkal

   

400ml! Susu UHT

  

16O0gr keju
260 kkal rene
16Ogr Dark Chocolate ~ aie 1 bungkus biskuit

=
880 kkal — Ee el

Total Kalori
S84 0lkkalZsaji

ella cele het)

 
"
dietgo.kitchen_1616040037_2531849795964088401_30356002527.jpg," 

 

 

lya sih, turun berat badan itu penting, apalagi kalau itu udah
jadi tujuan diet kamu. Tapi jangan sampai kamu terlalu Fokus
sama timbangan ya, karena banyak hal yang perlu kita
perhatikan saat diet.

 
"
dietgo.kitchen_1616040037_2531849796090063939_30356002527.jpg," 

 

Sebelum diet kamu perlu punya goals yang jelas dan terukur.
Hal ini dapat memotivasi kamu selama menjalani diet. Selain
itu, tujuan yang jelas akan memudahkan kamu untuk mengukur
perkembangan diet dari waktu ke waktu. Sayangnya, banyak
pemula yang lupa akan hal ini.

 

>>
"
dietgo.kitchen_1616040037_2531849795997733369_30356002527.jpg,"Diét GO

Berlebihan,

Ingat teman-teman! walaupun sedang diet, tubuh kita tetap
membutuhkan kalori supaya bisa berfungsi dengan baik.
Pastikan kebutuhan kalori harianmu tetap terpenuhi.
Jangan berlebihan memangkas kalorinya ya.

    

(CO arelM ie)
"
dietgo.kitchen_1616040037_2531849795980862066_30356002527.jpg," 

MengharapkanyHasil]

Siapa juga sih yang gak mau hasil cepat? Tapi hasil yang
instan pun belum tentu cocok buat kita loh. Dalam diet kita juga
perlu menikmati prosesnya supaya diet terasa menyenangkan
dan tidak bikin kita tertekan. Jangan sampai gara-gara ngebet
pengen kurus, kita mengonsumsi obat pelangsing
yang belum tentu aman bagi tubuh.

»
"
dietgo.kitchen_1615705204_2529041014908572264_30356002527.jpg,"DIEEGO

KARBOHIDRATBIKIN) GEMUK-

 

 

MITOS)ATAU) FAKTA?

 
"
dietgo.kitchen_1615863657_2530370218873437924_30356002527.jpg," 
"
dietgo.kitchen_1615348810_2526051369034455937_30356002527.jpg," 

KENALANRSAMA
WANG,
KAVAIVIANEAA'TS

dietgo.kitchen >>)

 
"
dietgo.kitchen_1615518029_2527470878206995349_30356002527.jpg,"DIEEGO

 

MEMPERINGATI HARI

ISRA MVrRAJ

—— 1442 H——_-
"
dietgo.kitchen_1615705204_2529041014925334801_30356002527.jpg,"DIEEGO

Faktanya...

Bukan karbohidrat yang menyebabkan kenaikan berat badan.
Berat badan kamu akan naik jika kamu mengonsumsi terlalu
banyak kalori, entah itu dari karbohidrat, lemak atau protein.

 
"
dietgo.kitchen_1615348810_2526051368858540954_30356002527.jpg,"DIEEGO

Lalu bagaimana serat
dapat membantu kamu
menurunkan berat
badan?

 
   

- © lath at >»
"
dietgo.kitchen_1615348810_2526051368850019020_30356002527.jpg,"DIEEGO

Serat adalah karbohidrat yang ditemukan
pada makanan nabati seperti
bijizbijian., Tidak seperti karbohidrat lainnya, serat
tidak.mudah.dipecah.dan.dicerna oleh tubuh.
Karena itu, serat justru akan melancarkan.sistem
percernaan:dengan mudah tanpa menyebabkan
kenaikan kadar gula darah.

 
"
dietgo.kitchen_1615348810_2526051369093348631_30356002527.jpg,"DiétGO

Hidangan tinggi serat
kaya manfaat

©) dietgo.kitchen

 
"
dietgo.kitchen_1615348810_2526051369084867543_30356002527.jpg,"DIEEGO

Serat dapat mengurangi nafsu
makan dan memberikan sensasi
kenyang, menyerap air di usus,
serta memperlambat
penyerapan nutrisi.

Ghee.

   
"
dietgo.kitchen_1615186843_2524692688745347406_30356002527.jpg," 
"
dietgo.kitchen_1615186843_2524692688762235433_30356002527.jpg,"  

DIEEGO

with Brown Rice
"
dietgo.kitchen_1615010406_2523212627687837035_30356002527.jpg," 

DiELICO)

ee Te ele CLs

Nasi/Merahma Nasi[Putih)

per 1OOgr*

per 1OOgr*

   

111 kalori

23 gr Karbohidrat
2.6 gr Protein

0.9 Lemak

1.8 g Fiber

50 GI__

123 kalori

26 gr Karbohidrat
2.9 g Protein

0.4 gr Lemak

0.9 g Serat
89Gl _.

 

belle el el)

Te

dietgo.kitchen >>)

 
"
dietgo.kitchen_1615010406_2523212627662856505_30356002527.jpg," 

KENAPA\NASI/MERAH

SERING)DIREKOMENDASIKAN,
UNTUKYDIET2.

rN icin ~

 
"
dietgo.kitchen_1615010406_2523212627679406489_30356002527.jpg," 

DISEEO

Terus}kenapa|berasimerah)
seringidianjurkanjuntuk(diet 2

eT -arMl eee
mengandung serat lebih tinggi yang
bikin perut kenyang lebih lama
tanpa memakan banyak kalori.

Clare LeM iL)

 
"
dietgo.kitchen_1614597445_2519748460652504627_30356002527.jpg," 

INTIRIDIET
ALA

JEM INIES
BEAGKRINK

 

   

ola relM Let)
"
dietgo.kitchen_1614849129_2521859735930800349_30356002527.jpg," 
    

HEALTHY QP
ON THE GON *

© dietgo.kitchen

 
"
dietgo.kitchen_1614597445_2519748460660694928_30356002527.jpg," 

 

VAPAYKAMU}TERTARIK.
IKUTDIET/ALAJENNIE 2

Share di kolom komentar ya!

 

 

 
"
dietgo.kitchen_1614597445_2519748460635564822_30356002527.jpg," 

 

Dalam wawancara dengan Cosmopolitan
Korea, Jennie bilang ia tetap melakukan
work out dan menjaga pola makan
el eM aL eee xe (lM ere. a

  
   

Untuk menjaga agar tubuhnya
tetap ideal, Jennie mengonsumsi
salad alpukat setiap hari
beserta segelas jus detox
& menghindari

makanan asin.

 

Pre ici
"
dietgo.kitchen_1614597445_2519748460618850054_30356002527.jpg," 

Jennie juga suka berolahraga, lho.
RY Me MLL Ee em [ele]
memadukan beberapa workout seperti

flying yoga dan pilates.

ee blackpinkofficial

 

PTE ee >»>

 
"
dietgo.kitchen_1614409242_2518169702581481510_30356002527.jpg,"INEW/MENULONITHE{BLOGK

FRIEDIGHIGKEN,
: a

TaN pee ane
a Pear a

   

)
|

"" dd ~
ait

GrabFood & GoFood @dietgo.kitchen
"
dietgo.kitchen_1614409242_2518169702598302488_30356002527.jpg,"INEW{/MENULONITHE{BLOGK;

FRIEDJGHIGKEN,

GrabFood & GoFood @dietgo.kitchen

 
"
dietgo.kitchen_1614056420_2515210010200572244_30356002527.jpg,"DIEE.CO

Celle eral sh

 
"
dietgo.kitchen_1614236414_2516719916046870727_30356002527.jpg,"els
based

po ytT gel

f
ne

 

Crre toae ~
"
dietgo.kitchen_1613880023_2513730285655091212_30356002527.jpg,"DIEE.CO

  
    

(DIETGO
[FRIED ~
GHIGKEN

Cee kaa
"
dietgo.kitchen_1613968113_2514469244365545116_30356002527.jpg,"DiétLGO

(FRIED GHIGKEN
(BROW (RIGE

And Scrambled Egg

 
"
dietgo.kitchen_1613617227_2511525791601253502_30356002527.jpg," 

SELERA BARUIGAIJIAN

 

al ee der a od

>
"
dietgo.kitchen_1613275260_2508657165208686887_30356002527.jpg,"DiétGO

Favourite Movie

NETFLIX

te Tage W

spe

Lae

1, |
i con
re
PLY cv

   
     

Favourite
Healthy
Food
"
dietgo.kitchen_1613448028_2510106453968222206_30356002527.jpg,"DIEE.GO)

KATAYMEREKA\TENTANG)
IDIETGO)KIT CHEN}

juwita.eva37 Favorite aq, enaaakkk

Cond
“Sp bangeettt eu

qedasca Barusan pesan untuk lunch
oS yang Sei Ayam dan ternyata enak

bangettt@ > sayangnya, sambelnya

dikasih terlalu sedikit menurutku huhu

hl.yashinta Barusan pesen yg di
& bandung , asli bener emang enak ¢&
"
dietgo.kitchen_1613026858_2506573424809024231_30356002527.jpg,"ea

_
8
vs
S
16
ie
~
y
&
3
p
6

 
"
dietgo.kitchen_1613098809_2507176992710758938_30356002527.jpg,"Ss oo
(CHINESE|NEW

 

 

 

The Yaar OF Gs
a8
"
dietgo.kitchen_1612929616_2505757693243967867_30356002527.jpg,"oy

 
"
dietgo.kitchen_1612861244_2505184148387786739_30356002527.jpg,"       

DIEEGO

WHOLESMONTHIPROMOTION!
"
dietgo.kitchen_1612500583_2502158703110053289_30356002527.jpg,"DIEEGO

SPECIAL DEALS!)

203

 
"
dietgo.kitchen_1612329039_2500719695104513486_30356002527.jpg,"DIEEGO

WORK-LIFE
BALANCE
WITH
HEALTHY
FOOD

Tel rll Regd

 
"
dietgo.kitchen_1612179972_2499469227841717977_30356002527.jpg,"    
  
 

4 “a
a a «

© — Whole wheat flour
Li

= Healthy Fried Chicken
eM (ot. ee

 

Lower Calori than usual Fried Chicken
"
dietgo.kitchen_1611987214_2497852255752337235_30356002527.jpg," 

         

Discount up to

20%

OFF

Only on GrabFood

  
"
dietgo.kitchen_1611810230_2496367608937776563_30356002527.jpg,"  

DiétGO

   

Reminder

Makan siang sehat, gak
pake ribet tinggal beli
di dietgo yaa.. Jangan

lupa pokoknya!

ear)
"
dietgo.kitchen_1611469624_2493510394342323749_30356002527.jpg,"MEGAFOOD PROMO
Discount

 
   
"
dietgo.kitchen_1611733234_2495721713384703900_30356002527.jpg," 
"
dietgo.kitchen_1611635469_2494901601861893514_30356002527.jpg,"DIEEGO

     
   

AN
Ce hea

DiscouTrR
Up) :
We

“FD Oy

Only on GoFood
3
— -
"
dietgo.kitchen_1611372834_2492698460252618685_30356002527.jpg," 
"
dietgo.kitchen_1611219662_2491413565496763098_30356002527.jpg,"DIEE.GO}

Whatsiinside;

sWipe left >>

Cele) Zelele Bom Tuell zee eh

@dietgo.kitchen
"
dietgo.kitchen_1611290650_2492009054709499142_30356002527.jpg,"DIEEGO

(Plan{Based|
(Chicken)

GoFood & GrabFood

 
"
dietgo.kitchen_1611036671_2489878519086334197_30356002527.jpg," 
"
dietgo.kitchen_1611219662_2491413565505129760_30356002527.jpg,"‘additional
[SGUCE}

   
 

wedges
"
dietgo.kitchen_1611118076_2490561396958667950_30356002527.jpg," 

GoFood & GrabFood
"
dietgo.kitchen_1610950634_2489156794359137325_30356002527.jpg," 
"
dietgo.kitchen_1610950634_2489156794375953386_30356002527.jpg," 
"
dietgo.kitchen_1610860122_2488397524092937218_30356002527.jpg," 

“Emg beneran sehappy ini
nemu dietgo di gofood”

   

“Serius ini enak, baru kali ini aku suka
| cemilan sehaft. Ini beda banget”

 

 
"
dietgo.kitchen_1610860122_2488397524109786102_30356002527.jpg,"a

So . Mtt*##A

 

“Ga sabar buat pesen besok”

 

Gee REEEZ

t-te el Ml) a LL [a

rasanya ga hambar sama sekali”

   

DIELGO

   
"
dietgo.kitchen_1610801908_2487909190656780054_30356002527.jpg,"Diévco

   

YOSHIDIETg

Papanese)
econ
"
dietgo.kitchen_1610707278_2487115373242328751_30356002527.jpg,"   

GoFood & Grentocd
"
dietgo.kitchen_1609928472_2480582272668351898_30356002527.jpg,"DIEGGO

new outlet alert!

oF

dietgo antapani

9g jl. randusari utara no. 1, antapani, bandung

of
"
dietgo.kitchen_1609825636_2479719627606161504_30356002527.jpg," 
"
dietgo.kitchen_1609825636_2479719627597583440_30356002527.jpg," 
"
dietgo.kitchen_1609825636_2479719627580996611_30356002527.jpg,"DIEGCGO

 
"
dietgo.kitchen_1609825636_2479719627614389152_30356002527.jpg,"DIEGCGO

 
"
dietgo.kitchen_1609825636_2479719627622805144_30356002527.jpg," 
  
     

_ DIEEGO

plant-based
burger
"
dietgo.kitchen_1609825636_2479719627639608838_30356002527.jpg," 
"
dietgo.kitchen_1609404575_2476187509256961130_30356002527.jpg,"DIEGGO

apa motivasi
terbesar kamu

dalam memulai diet?

os
"
dietgo.kitchen_1609471059_2476745220642077391_30356002527.jpg,"Han P,P, Y,

 

   

DIEEGO
"
dietgo.kitchen_1609575101_2477617985603546477_30356002527.jpg," 

  
  

-_

‘
"
dietgo.kitchen_1609825636_2479719627647956444_30356002527.jpg," 
"
dietgo.kitchen_1609313084_2475420027634057799_30356002527.jpg,"\piEb GO

    
"
dietgo.kitchen_1608977054_2472601201792130511_30356002527.jpg,"DIEEGO

""*f you don't find the time, if
you don‘t do the work, you
don‘t get the results.“

  
"
dietgo.kitchen_1609133226_2473911269435302849_30356002527.jpg," 

“demi apadong kirain bakal hambar, taunya
enak pertama kali beli beginian nih nyari di
gofood karena udah blank mau bikin apaan

biar kurus“
- gina

/

 

 
"
dietgo.kitchen_1608706229_2470329358129376988_30356002527.jpg,"DIEGGO

998,

ini makanan diet tapi

kok bisa enak ?!’

- prinsa

os
"
dietgo.kitchen_1608802580_2471137607070172576_30356002527.jpg,"plantbased burger

     

354 kcal

/

 
"
dietgo.kitchen_1608889502_2471866763500290956_30356002527.jpg," 
"
dietgo.kitchen_1608531059_2468859927092255028_30356002527.jpg,"a

   

DIEEGO

too much calories
intake be like:

 
"
dietgo.kitchen_1608435146_2468055347160822399_30356002527.jpg,"DIEGGO

knowing is not enough,
we must apply.
=willingis not enough, —
2 we must dle.

  
"
dietgo.kitchen_1608014276_2464524834257224243_30356002527.jpg,"DIECGO

 

combo se‘i ayam

idr-88:666-
idr 64.000

 

    

/
"
dietgo.kitchen_1608361959_2467441411474385358_30356002527.jpg," 
"
dietgo.kitchen_1607773914_2462508533389182057_30356002527.jpg,"    

DIEEGO

eo

we all have the ability
to come from nothin :
to something.

   
   

- david goggins
"
dietgo.kitchen_1607840841_2463069954300631983_30356002527.jpg,"DIECGO

- oo
mega foodiskon

20%

9 des 2020 — 10 jan 2021

os

 

@

gofood

Powered by @) Gojek

 
"
dietgo.kitchen_1607502306_2460230121203150299_30356002527.jpg,"    

DIECGO

a

combo se‘i sapi

+dr-97-666-
idr 72.800

 

    

/
"
dietgo.kitchen_1607563599_2460744280521043199_30356002527.jpg," 

DIECGO

a

 

“serius ini enak...baru kali ini
aku suka camiflan sehat.
biasanya pas dimakan ga ada

rasanya... tapi ini beda banget“

= purnama

/

   
"
dietgo.kitchen_1607407120_2459431641928893288_30356002527.jpg,"a Dié’GO

10 cara

menjaga kesehatan tubuh
yang sederhana dan mudah
dilakukan sehari-hari

«<

swipe left
"
dietgo.kitchen_1607407120_2459431641954062236_30356002527.jpg,"    

DIEEGO

a

* menjaga asupan nutrisi seimbang

* menjaga berat badan ideal

¢ tidur yang cukup

* sering mencuci tangan dengan sabun

* minum air putih dan the hijau

* olahraga rutin, minimal 5 menit per hari
* hindari junk food dan kurangi soda

* mengelola stress

* menjaga kebersihan

* hindari alkohol dan kurangi merokok

    
"
dietgo.kitchen_1607213132_2457804350660364994_30356002527.jpg,"    

DIECGO

a

“beneran enak banget, rasanya

juga ga nanggung-nanggung,
dan ga hambar sama sekali“

- sheryl

    

—/
"
dietgo.kitchen_1607346126_2458919989999543206_30356002527.jpg,"a Dié’GO

giveaway time!

 
"
dietgo.kitchen_1607068327_2456589637750518643_30356002527.jpg,"  

»>

oa

  

#sosokinspiratif

david goggins

ultramarathon runner
- ultra-distance cyclist

- triathlete
- motivational speaker
- author

= former us air force & us navy seal

 

   
"
dietgo.kitchen_1607068327_2456589637733587276_30356002527.jpg," 

1

. Outwork everyone
. find your inner strength

. never give up

. face your obstacles goggin‘s 10
. prove them wrong
rules

. Stop looking for finish lines

- build yourself up

on oywneet WN

. own your life

9. seek challenges

    

10.push your limits

/
"
dietgo.kitchen_1606972331_2455784366723570508_30356002527.jpg,"ca Diéuo

=
yoshidiet

    
"
dietgo.kitchen_1606887360_2455071580863543699_30356002527.jpg,"   

DIEEGO

oa

it’s not about perfect. it’s about
effort. and when you bring that
effort every single day, that's
where transformation happens.

- jillian michaels

 
"
dietgo.kitchen_1606795505_2454301042767533921_30356002527.jpg,"a DiétGO

tips agar tidur cepat
di malam hari

» no —_
swipe left
"
dietgo.kitchen_1606795505_2454301042759084601_30356002527.jpg," 

* temukan posisi tidur yang nyaman

* tarik nafas melalui hidung selama 4 detik

* tahan nafas selama 7 detik

* buang perlahan melalui mulut selama 8
detik

¢ ulangi cara tersebut sampai kita tertidur

    

—_
"
dietgo.kitchen_1605998365_2447614150630031325_30356002527.jpg," 
"
dietgo.kitchen_1606096698_2448439025800281119_30356002527.jpg," 
"
dietgo.kitchen_1606205501_2449351730971063291_30356002527.jpg," 
"
dietgo.kitchen_1605831745_2446216439775320109_30356002527.jpg," 
"
dietgo.kitchen_1605931000_2447049053075578237_30356002527.jpg," 
"
dietgo.kitchen_1605752835_2445554494592113483_30356002527.jpg,"a Diéb GO

=

  
"
dietgo.kitchen_1605520610_2443606445519127007_30356002527.jpg,"a Dié’GO

grilled chicken

with brown rice/potatoes

 

os
"
dietgo.kitchen_1605520610_2443606445535972444_30356002527.jpg,"  

a

 

diet sehat
&
enak

tanpa harus
ikutan batch!

available at

 

” — gofood
GrobFood =m @gaiek

 

 
"
dietgo.kitchen_1605520610_2443606445510791965_30356002527.jpg,"    

DIEEGO

oe

se‘i ayam
with brown rice

 
"
dietgo.kitchen_1605520610_2443606445494095362_30356002527.jpg,"DIECGO

 

se‘i sapi
with brown rice

 
"
dietgo.kitchen_1605520610_2443606445544424538_30356002527.jpg,"a Dié’GO

salad wraps

 
"
dietgo.kitchen_1605520610_2443606445535826757_30356002527.jpg,"a DiéEGO

yoshidiet

japanese gyudon with brown rice

 
"
dietgo.kitchen_1605520610_2443606445552754917_30356002527.jpg,"    

DIECGO

oe

plant-based burger

 
"
dietgo.kitchen_1605352619_2442197240140582239_30356002527.jpg,"    

ce Diét Go
New Outlet alert \

Q ji. jalan bungursari v no 11, padasuka, kota bandung |

 
"
dietgo.kitchen_1605276465_2441558412149186293_30356002527.jpg,"    

ce DiévGo
New Outlet alert .\

 

Q ji. cipaku indah vi no.6, cidadap, kota bandung ]
"
dietgo.kitchen_1605165929_2440631170988598243_30356002527.jpg,"a DIébGO

tomat itu buah
atau sayur?

OD%
"
dietgo.kitchen_1604905460_2438446200329206589_30356002527.jpg,"DIEGGO

sei berasal dari bahasa daerah
rote, artinya daging yang disayat
dalam ukuran kecil memanjang,
lalu diasapi dengan bara api
sampai matang. se7adalah
makanan khas suku rote yang
kemudian merambah selera
masyarakat nusa tenggara timur
(ntt).

 

  

sumber: kemdikbud

S-

  
"
dietgo.kitchen_1604905460_2438446200346062172_30356002527.jpg,"ce DiébGO

asal-usul se‘

 
"
dietgo.kitchen_1604463027_2434734798452141142_30356002527.jpg,"    

a Diét Go
New Outlet alert \

 

Q ji. cisitu indah no.4, dago, kota bandung 1
"
dietgo.kitchen_1604299895_2433366346885873741_30356002527.jpg,"my
diet
journey

(> oo

 
"
dietgo.kitchen_1603955742_2430479387192542898_30356002527.jpg,"A

DIELGO

 

be

on
te =

NY 0
33 ad

e. 2
O50: ae,

Bae

minum jus vs makan langsung
"
dietgo.kitchen_1604036849_2431159759874148613_30356002527.jpg,"    

DIEGO

o

1. lakukan stretching terlebih dahulu
2. pemanasan dengan intensitas ringan
3. kenakan sepatu olahraga yang sesuai
4. minum air yang cukup

5. mengambil istirahat jeda yang sesuai
disela-sela sesi olahraga

6. kenakan pakaian yang nyaman

0

    

=
"
dietgo.kitchen_1604036849_2431159759865648087_30356002527.jpg," 

7

tips agar terhindar
dari cedera
ketika berolahraga

“AN 2s
"
dietgo.kitchen_1603777836_2428987002063401499_30356002527.jpg,"ce Diésco
rd

waktu favorit
untuk berolahraga

ie @- om
"
dietgo.kitchen_1603879354_2429838599681025461_30356002527.jpg,"0

 

nutrisi wortel

 

kalori : 41 kcal
air : 88%

protein : 0,9 gr
karbohidrat : 9,6 gr
gula : 4,7 gr
serat : 2,8 gr
lemak : 0,2 gr

    

oe

 
"
dietgo.kitchen_1603777836_2428987002071631710_30356002527.jpg,"    

DIEEGO

HEALTHY FIP KITCHEN

a

pagi hari

menurut studi journal of
physiology, dikatakan bahwa
berolahraga pada jam 7 pagi dapat
membuat tubuh menjadi lebih
fresh.

    

-
"
dietgo.kitchen_1603777836_2428987002046460957_30356002527.jpg,"    

DIEEGO

HEALTHY FIP KITCHEN

eS

sore hari

masih mengacu pada studi journal of
physiology, ditemukan bahwa berolahraga
antara jam 13.00 hingga jam 16.00 dapat
membuat tubuh menjadi lebih fresh
segar. tidak hanya itu, olahraga sore juga
bisa membantu kita untuk fokus dan
semangat kembali.

    

-»
"
dietgo.kitchen_1603777836_2428987002080099041_30356002527.jpg,"    

DIEEGO

HEALTHY FIP KITCHEN

a

malam hari

pukul 19.00 hingga 22.00 adalah
waktu optimal untuk kita yang
memilih untuk berolahraga pada
malam hari menurut journal of

physiology.

    

-»
"
dietgo.kitchen_1603701698_2428348312332911612_30356002527.jpg," 
"
dietgo.kitchen_1603168199_2423872992481421076_30356002527.jpg,"a DIébGO

0 weekly cage
is now
available

a
"
dietgo.kitchen_1603346806_2425371257110697238_30356002527.jpg,"    

DIEEGO

WEALTHY FIT KITCHEN

ad

~ manfaat nasi merah

meningkatkan kesehatan jantung

membantu menurunkan berat badan

mencegah penyakit kronis

pengontrol diabetes

memperkuat kekebalan tubuh

meningkatkan kesehatan pencernaan

menjaga kesehatan tulang —
bagus untuk ibu menyusui

mendukung sistem saraf

mencegah penyakit neurodegeneratif

mencegah kanker

bebas gluten

      
"
dietgo.kitchen_1603095267_2423261194313243319_30356002527.jpg,"  

DIEEGO

HEALTHY FIT KITCHEN

  

e oe
we're now

ST available at ~~»

r=

GrabFood

GraoFood
, ef

      
"
dietgo.kitchen_1597901043_2379688886277766952_30356002527.jpg,"   

DIEGGO

oe

Salad Wraps)

with mixed vegetables

 
"
dietgo.kitchen_1599191248_2390511911344482085_30356002527.jpg,"   

DIEGGO

ce

Lunch dinner Snack

promo package

 
"
dietgo.kitchen_1597815021_2378967286414670065_30356002527.jpg," 

Berolah Raga

Dirumah Saat
~ Corona

aS,

 

 
"
dietgo.kitchen_1602999381_2422456847106871322_30356002527.jpg," 
"
dietgo.kitchen_1597725127_2378213198773093476_30356002527.jpg,"  

= DIEEGO

~<

J You Can Find
Us Here!

 
"
dietgo.kitchen_1597291982_2374579712694692581_30356002527.jpg,"  

a DIEEGO

0 Pesan Menunya,
Nikmati Promonya

@ “> pyres 4
_ ; iy } A
gofood “yp eT
— sp ie : = \
a eo

   
"
dietgo.kitchen_1597643538_2377528779292975593_30356002527.jpg," 

DIEEGO

Bo.

adapi New Normal

Persiapkan Imun
Tubuh Kalian

 
"
dietgo.kitchen_1597390537_2375406452904170757_30356002527.jpg,"a DIELGO
Cegah Penyebaran \
Covid

Dengan Budaya Mencuci

. Tangan yTemeken Sabun

 
"
dietgo.kitchen_1597031209_2372392195715356605_30356002527.jpg,"    

\

Jalani Program Diet,

Dengan Tetap
>

Makan Enak

 
"
dietgo.kitchen_1597133051_2373246508062985501_30356002527.jpg," 

DIEKGO \
Kebersihan \
dan Kesehatan

Merupakan Hal yang
Kami Utamakan

 
"
dietgo.kitchen_1596944230_2371662561688931448_30356002527.jpg," 

@ DIECGO
How to

 

 
"
dietgo.kitchen_1596863214_2370982949048634535_30356002527.jpg,"CEES

Konsumsi Dada Ayam
Untuk Kesehatan

 
"
dietgo.kitchen_1596338392_2366580421359893106_30356002527.jpg," 
  
  

 

 

Diet Go

Providing

A Balance Diet! °
"
dietgo.kitchen_1596337823_2366575646505613343_30356002527.jpg,"DIEEGO

rath,

) Yes a
oe

\ SOs

   

 
    

 
"
dietgo.kitchen_1596186149_2365303318513578172_30356002527.jpg,"ce DIECGO
eo | =

 
   

SS

 

Diet Go
Healthy Fit
Kitchen

 
"
dietgo.kitchen_1745994713_3621988636771926231_30356002527.jpg,"DIEGGO

JAKARTA

   
  
  
      

Q Puri Indah Q Senayan Q Pejaten
Q Kebon Jeruk oda rclel-ta coe ralinteeta
9 Pondok Indah Q Galaxy Q Gading
(oor aia Q Duren Sawit Q Bintaro

oe ie Q Kemang

 

Available for Online Order

fish g fy DIETCO WEEKLY
ni CATERING
"
dietgo.kitchen_1750405659_3658990327517457343_30356002527.jpg,"DIEGGO

  
  

Bia

Calas Diack

 

@ gofood GraoFood

fMshopeeFood  € dietgo.co.id

 
"
dietgo.kitchen_1745994713_3621988637048769983_30356002527.jpg,"DIEGGO

 

BRANCH 2025

Available for Online Order GraoFood Ff shopeeFood

 
"
dietgo.kitchen_1745994713_3621988637090578957_30356002527.jpg,"DIEGGO

BANDUNG

9 Pahlawan Q Paris Van Java 9 Naripan
OMe tlt 9 Dago 9 Setiabudi
loMeretrola

   
  
  

Lo rae cela

   

Available for Online Order

 

FPA Shopecrood fy DIETEO WEEKLY
= CATERING
"
dietgo.kitchen_1763699227_3770503257698469610_30356002527.jpg,"DIEGGO

Seberapa Saas] Kamu

ORDER DIETGO ?

eee 7

Jarang Sesekali Order kalau a) em ala
Order sih lo} ceol=tg lagi mau Order

 
"
dietgo.kitchen_1745994713_3621988637048798257_30356002527.jpg,"DIEGGO

SURABAYA = 74

9 Tegalsari 9 Pecatu me
Q Dharmahusada ae

 

Available for Online Order Gralo

 
"
dietgo.kitchen_1703997446_3269690021256724004_30356002527.jpg,"DIETGO HAS RECEIVED
A HALAL CERTIFICATE

ID 32110012939461123

HALAL

INDONESIA

 
"
dietgo.kitchen_1763102872_3765502270583758566_30356002527.jpg," 

Pe
"
dietgo.kitchen_1763102872_3765502270785097301_30356002527.jpg," 

Menyerap air jadi gel di usus
Bantu turunkan kolesterol
Bikin kenyang lebih lama

APEL, KACANG-KACANGAN

 
"
maidaskinclinic.bandung_1762934756_3764092012586056309_13872557556.jpg,"EYMAIDA DiétGO

Kami hadirkan paket
Slimming + Healthy Catering

2X Coolsculpting perut

11114 <1 Oh
sm FREE Nts) «Naeem late

; Meso Nano 3cc
Meso Intralipo 1 vial
dt eT Aelita alacele

Paket 3. |
vi ~ Fat Killer 10cc
yy) 2x Exilis perut

vo CoM AU Cs

ee Meso Intralipo 2 vial

a 2X Meso Aifit
ait Ata Wa ela amcae alae

 
"
dietgo.kitchen_1763102872_3765502270785100626_30356002527.jpg," 

 

CONTOH: SAYURAN HIJAU, GANDUM UTUH,
dU ie

 
"
maidaskinclinic.bandung_1762934756_3764092012720291633_13872557556.jpg," 

Gagal Turun Berat Badan Karena
Asupan Harianmu Kurang Terkontror
"
maidaskinclinic.bandung_1762934756_3764092012586011756_13872557556.jpg," 

 

   
  
  

le (W/ FREE Konsultasi Dokter

“¢ (vj Treatment pembakaran lemak sesuai
f kebutuhan
Ye (Wj Catering makanan sehat harian yang
: sudah di atur kalorinya
(vj progress check tiap minggu

4 Naame

Biar kamu nggak perlu pusing lagi
mikirin menu.
Tinggal ikuti, Hasil menyusul!

 

 

 
"
dietgo.kitchen_1761973976_3756032410480908010_30356002527.jpg,"* New Outlet!

Surabaya

 
"
dietgo.kitchen_1762745048_3762500624442352532_30356002527.jpg,"DIEGO

 

oS New Outlet!!

fk wp —~ a =
Cyt Ce Fs ru)

 

Surabaya

 
"
dietgo.kitchen_1762416512_3759744669271012672_30356002527.jpg,"DIEGGO

BOSEN KARBONYA
NASI DAN KENTANG?

fel -Y PaO Re
51 WD eN

    
"
dietgo.kitchen_1761884051_3755278063816066161_30356002527.jpg,"PN

ff.

 
"
dietgo.kitchen_1761884051_3755278064101280138_30356002527.jpg," 

 

j)(—) 600-800 kalori/jam
1g (—) 500-700 kalori/jam
1ang (Swimming) (—) 500-700 kalori/jam

 

  

 

ng (—) 600 kalori/jam
Dance (—) 400-600 kalori/jam

 

 
"
dietgo.kitchen_1761884051_3755278063807666304_30356002527.jpg,"MENGONSUMSI MAKANAN
SEIMBANG

 
"
dapurakitchens_1761109242_3748778492080321649_17774781949.jpg,"F o>

DEY Ie)

 

!
I I Welcoming
y aN Rise

~DIETGO

  
 
"
dietgo.kitchen_1760686797_3745234770986109720_30356002527.jpg,"KENAPA\BISA\NAIK:?,

—) Kurang tidur = hormon lapar (ghrelin) naik
Hormon kenyang (leptin) turun
Akhirnya: gampang lapar, craving manis
& junk food

 

 

y AN
! sa i

 
"
dietgo.kitchen_1760686798_3745234770994477099_30356002527.jpg,"en

mY chi
EWA n ee Ua

 
"
dietgo.kitchen_1760686797_3745234771002888016_30356002527.jpg," 

Be
DIEGGO

 

‘Gas . KE TUBUH

 

Metabolisme melambat
Energi rendah malas gerak
Potensi penumpukan lemak lebih cepat

 

4

 
"
dietgo.kitchen_1760520514_3743839885196338085_30356002527.jpg,".

healfit
WE'RE HIRING

WAREHOUSE COORDINATOR
FULLTIME

qua Lt

e Pendidikan min. S1 Teknik Industri

e Fresh Graduate atau pengalaman minimal
41 tahun di gudang (admin / crew)

¢ Terbiasa kerja fisik dan sistematis

¢ Bisa menggunakan Excel dasar (update
stok, input data)

e Teliti, jujur, disiplin, dan tahan tekanan

¢ Bersedia ditempatkan di Bandung

   
  

APPLY AT:

hrd.dietgo@gmail.com
Subject : WHC_Nama_Domisili
"
dietgo.kitchen_1760520514_3743839885187978973_30356002527.jpg,".

healfit
WE'RE HIRING

DEMAND PLANNER & INVENTORY
CONTROL

KUALIFIKASI

Pendidikan minimal S11 Industrial
Engineering

Pengalaman Min. 1 tahun di Demand
Planning, Inventory, atau Supply Chain
Menguasai Advanced Excel, ERP/WMS
(SAP, Odoo, Oracle). Menguasai Power BI
menjadi nilai plus

Komunikatif, proaktif, teliti, mampu
bekerja lintas tim dan lokasi.
APPLY AT:

hrd.dietgo@gmail.com
Subject : DPIC_Nama_Domisili

     

‘S
"
dietgo.kitchen_1760167194_3740876019466335960_30356002527.jpg,"i6GGO

)

 

 

 

re :
a

O

Dotan

REG

 
"
dietgo.kitchen_1759643203_3736480469874718225_30356002527.jpg," 

DIEGGO

  

Ve ty
PESANAN KAMU?

Kita bisa bantu komplain kamu!
DM atau hub WA customer service yaa

   
 

(© +62 823-2408-7761

 

@dietgo.kitchen

 
"
dietgo.kitchen_1759643203_3736480469790880383_30356002527.jpg," 

 
"
dietgo.kitchen_1760686797_3745234770986095043_30356002527.jpg,"  
 

   

s ee Se
P ac €
‘
oO 6 6:
am.) ‘8

Mahia ers

 

 

KALAU GAADA MANFAATNYA YA! ji

Dan jangan lupa makan teratur
dengan porsi seimbang

 
"
dietgo.kitchen_1759217877_3732912573147902546_30356002527.jpg,"DIEGGO

YOUR BODY
IS AREFLECTION
OF YOUR CHOICES.
CHOOSE WISELY.

 
"
dietgo.kitchen_1759287122_3733493442409573415_30356002527.jpg,"DIEEGO

+

 

 
"
dapurakitchens_1758262620_3724899296820260486_17774781949.jpg,"Bluezone

Duck for daze sandwich

 

Dapura Sampoerna & Kemang
"
dapurakitchens_1758262620_3724899296652465602_17774781949.jpg," 
"
dietgo.kitchen_1759643203_3736480469925058765_30356002527.jpg,"DIEGGO

    
 

BANYAK

el eae

BANYAK JUGA
f

Taal TAA
DISKONNYA!

   

BIG ORDER
* yak: ied

      
  

 

 

untuk info big order - . Ea Pall
silahkan hubungi WA ia

ie) +62 823-2408-7761

    
"
dapurakitchens_1758262620_3724899296526653070_17774781949.jpg,"ee

 
"
dapurakitchens_1758262620_3724899296535047952_17774781949.jpg,"FINGOURMET

 

 
"
dapurakitchens_1758262620_3724899296828645214_17774781949.jpg,"ea

Saladnyoo

Salad Buah Super Biggy

 

Dapura Duren Sawit

-_
"
dapurakitchens_1758262620_3724899296828638786_17774781949.jpg," 

   
"
dapurakitchens_1758262620_3724899296535006748_17774781949.jpg," 
"
dietgo.kitchen_1758000432_3722699906051402850_30356002527.jpg,"DIEGGO

 
  

CHICKEN
a yN 4

simple tinggal makan
gaperlu potong-potong

 
 
      
 

JAPANESE
GYDUDON

dengan slice beef pilihan
yang rasanya kaya ga lagi diet!

 
 
   

  
 

  

BOWL
yeh

 
 
"
dietgo.kitchen_1758258219_3724862375863622030_30356002527.jpg,"DIEGGO x

Nutribrew
eae

PURE INGREDIENTS
PURE TASTE

 
"
dietgo.kitchen_1757914501_3721979060047449323_30356002527.jpg," 
"
dietgo.kitchen_1758000432_3722699906152030592_30356002527.jpg,". 7

DIEGGO

eR eal ele
HECTIC DAY saat

 
"
dietgo.kitchen_1755680427_3703238293224626478_30356002527.jpg,"DIEGGO

AN aay A Late ea]

ITU APA SIH?

 
"
dietgo.kitchen_1756962440_3713992596059701479_30356002527.jpg,"DIEG GO

JANGAN LU PA

errs

   

 
"
dietgo.kitchen_1756810123_3712714868421435244_30356002527.jpg,"DIEGGO

      
 

Perbandingan
unk food vs Dietgo

 

Gen

     
  
   

Fried Chicken 650 Kcal

Source: food.detik.com

 
 
 

Grilled Chicken 400 Keal
wilh Brown Rice

 
"
dietgo.kitchen_1756962440_3713992596068043045_30356002527.jpg," 

DIEGGO

BODY GOALS

bukan berarti

reece ia tt fl \

   
"
dietgo.kitchen_1757914501_3721979060173278030_30356002527.jpg,"DAPURAVIEBET

Jl. Tebet Barat Dalam X Parkiran
No.10, Tebet Bar., Kec. Tebet,
Kota Jakarta Selatan, gh
Daerah Khusus Ibukota Jakarta
12810 a

DARURA\RAWAMANGUN

JI. Persahabatan Tim. No.35,
RT.7/RW.3, Cipinang,

Kec. Pulo Gadung,

Kota Jakarta Timur,

Daerah Khusus Ibukota Jakarta
13240

 
"
dietgo.kitchen_1756962440_3713992596068081779_30356002527.jpg,"DIEG GO

   

 

DIET SEHAT’= YOY hy
dan bukan kurus

 
"
dietgo.kitchen_1755251882_3699643396320041138_30356002527.jpg,"DIEGGO

 
"
dietgo.kitchen_1755680427_3703238293207829895_30356002527.jpg," 

Intermittent fasting adalah pola makan yang mengatur siklus antara
periode makan dan puasa. Ini bukan diet khusus tentang apa yang
boleh atau tidak boleh dimakan, tapi lebih tentang kapan kamu

 

Intinya, kamu membatasi jam makan dalam sehari dan berpuasa di
jam-jam lainnya. Misalnya, kamu makan dari jam 12 siang sampai
jam 8 malam, lalu berpuasa dari jam 8 malam sampai jam 12 siang
keesokan harinya.

Sumber : Alodokter
"
dietgo.kitchen_1753752165_3687062853489621128_30356002527.jpg,"DIEGGO

 

Skinny fat adalah istilah untuk menggambarkan kondisi seseorang
yang tampak kurus, tetapi memiliki massa lemak lebih besar
daripada massa otot. Orang dengan skinny fat bisa saja memiliki
berat badan normal, padahal tubuhnya menyimpan banyak
tumpukan lemak dan biasanya di bagian perut.

Sumber : Alodokter
"
dietgo.kitchen_1752741367_3678583667263210412_30356002527.jpg,"DiIEGGO |

C24
» SG &

    
  

  

 
"
dietgo.kitchen_1753752165_3687062853355390899_30356002527.jpg,"DIEGGO

 
"
dietgo.kitchen_1752741367_3678583667254666506_30356002527.jpg,"DIEGGO

MINUM AIR PUTIH
els bangun_tidlar:

Rehidrasi tubuh : Setelah tidur 6-8 jam
tanpa cairan, tubuh butuh asupan air.

Melancarkan pencernaan : Air membantu aktifkan
organ cerna & buang sisa metabolisme.

Meningkatkan fokus & energi: Hidrasi cukup
a bantu otak bekerja optimal.

Detoks alami: Air membantu proses
pengeluaran racun lewat urine.

Melancarkan metabolisme:
Bisa bantu proses pembakaran kalori lebih efisien.

""
"
dietgo.kitchen_1751615941_3669142907627381372_30356002527.jpg,"DIEGGO

MiacUNANE CUT
BO Nanas
erred Kamu LOHH!

} YUK CEK DAFTARNYA! Seed

 
"
dietgo.kitchen_1751615941_3669142907627341601_30356002527.jpg,"DIEGGO

MAKANAN PEMICU

aa

(CEO Le LO
LEMAK JAHAT GANGGU FUNGSI OTAK.

Gula berlebih

MOOD NAIK-TURUN CEPAT.

 

nar led ein berlebihan |

PICU Ses & INSOMNIA.
"
dietgo.kitchen_1751615941_3669142907627428320_30356002527.jpg,"DIEGGO

MAKANAN PEMICU

 

 

lol Sika

OL Me

BANTU PRODUKSI HORMON BAHAGIA.

kan berlemak

KAYA OMEGA-3, BANTU LAWAN DEPRESI.

sa | 2Ty Tas

SUMBER VITAMIN B6 & TRIPTOFAN.

SY uran IFAM
TINGGI FOLAT, STABILKAN MOOD.
"
dietgo.kitchen_1751439027_3667658847319041218_30356002527.jpg,"DIEGGO

 
"
dietgo.kitchen_1751615941_3669142907660807859_30356002527.jpg,"DIEG GO

   
  

   
 

 
   
 

TVET

Poy)

ry FN hans 4
| ae ene 742

a

<
an f/I6

 

 

i)

Yuk lebih bijak pilih makanan supaya
mood stabil & pikiran lebih positif! Ca

x
a
|

 
"
dietgo.kitchen_1751439027_3667658847218453275_30356002527.jpg,"DIEGGO
EFEK GULA BERLEBIH

1. Obesitas

2. Penyakit jantung
PEPE | TCM Tate

4. Gigi berlubang

5. Penyakit lemak hati

6. Kerusakan kulit

8. Kerusakan ginjal.

Wu
"
dietgo.kitchen_1750074211_3656209943134499904_30356002527.jpg,"DIEG GO

 

  
     

  

TER lt
FAVORITE WATER
TL es
"
dietgo.kitchen_1750074211_3656209942857742464_30356002527.jpg,"DIEGGO

tet ts

 
"
dietgo.kitchen_1751439027_3667658847411433088_30356002527.jpg,"   

DIEGGO

Aly 4o le Cys biqake
AN SEL e TAN
MAKANAN MANIS!

 
"
dietgo.kitchen_1750908804_3663211016416362385_30356002527.jpg,"You don't have to eat less,

just eat right. &

 
"
dietgo.kitchen_1750074211_3656209943159781677_30356002527.jpg,"DIEGGO

bee te

 
"
dietgo.kitchen_1749802556_3653931133118490334_30356002527.jpg,"DIEGGO

PVA AYAM
PENYET WS PENYET
DIETGO wT

   
   
 
 

AYAM PENYET
& BROWN RICE

(373.36 Kcal)

AYAM PENYET
BIASA

(441.50 Kcal)

source : nutribit
"
dietgo.kitchen_1749614737_3652355596332212143_30356002527.jpg,"DIEGGO

HEART HVAEUNCH
IDE A dievco KO

 
"
dietgo.kitchen_1749614737_3652355596466486172_30356002527.jpg,"DIEGGO

 
  
   
 
 
  

  

Gyudon with Lemonilo
&lce Promeganate Tea

Coe lime ssa iim)
&lce Apple Tea

    
 

Gyudon with Potatoes

&lce Raspberry Tea

 
"
dietgo.kitchen_1750074211_3656209942866287400_30356002527.jpg,"DIEGGO

2. JET SKIING

 
"
dietgo.kitchen_1749384977_3650428225161238211_30356002527.jpg,"DIEGGO

Makan Sehat Aja NGGAK CU KUP

& Kamu perlu meal plan + tracking kalori
biar hasilnya maksimal!

eo

 
"
dietgo.kitchen_1749384977_3650428225295287078_30356002527.jpg,"DIEGGO

ae) | a8 YN
TETAP ON TRACK, KOK!
Mulai bareng DietGO:

Meal plan anti ribet
Tips & motivasi harian
Support sistem biar kamu nggak nyasar lagi!

 
"
dietgo.kitchen_1749016784_3647339605864485881_30356002527.jpg,"DIEGGO

 

DI PLATFORM
w )

,

     

@gofood GraoFood ive Roneteeeicert CECE RCM)
"
dietgo.kitchen_1749016784_3647339605831151624_30356002527.jpg,"DIEGGO

 
"
dietgo.kitchen_1748837685_3645837212731959686_30356002527.jpg,"DIEGGO

CARA DIET
Aarti Kelaparan
ie Fo

 
"
dietgo.kitchen_1748837685_3645837212723668614_30356002527.jpg," 
 

DIEGGO

  

KONSUMSI MAKANAN
TINGGI SERAT: A

Makanan seperti buah-buahan, sayuran,

dan biji-bijian dapat membantu Anda merasa
kenyang lebih lama karena serat membutuhkan
waktu lebih lama untuk dicerna.

 
"
dietgo.kitchen_1748837685_3645837212849439096_30356002527.jpg,"DIEGGO

 

ae
CAIRAN:

Minum air putih secara teratur dapat membantu

mencegah rasa lapar dan menjaga metabolisme
tubuh tetap optimal.

 
"
dietgo.kitchen_1748837685_3645837212732026480_30356002527.jpg,"   

DIEGGO

PERBANYAK KONSUMSI
PROTEIN:

Protein dapat membantu Anda merasa kenyang
lebih lama dan menjaga massa otot saat diet.

 
"
dietgo.kitchen_1748656339_3644315968920373947_30356002527.jpg,"DIEGGO

MENU ANDALAN
under 270 Kalori

220.78 Kcal;
P 12.51, F 8.99, C 22.81

264.28 Kcal;
P 12.76, F 11.79, C 52.46

Sei sapi potatoes

 
"
dietgo.kitchen_1748272133_3641093016510984816_30356002527.jpg," 
"
dietgo.kitchen_1748272133_3641093016519395184_30356002527.jpg,"DIEGGO

Ini merupakan informasi yang keliru.

Sarapan justru merupakan bagian
penting dari diet yang sehat.
Jika kamu tidak sarapan, bisa memicu
rasa lapar yang berlebihnan dan makan
tidak terkontrol di siang hari.

 
"
dietgo.kitchen_1747915696_3638103008791415226_30356002527.jpg,"DIEGGO

 

..Sarapan nasi padang
gara-gara lupa meal prep!

 

~~

wi

..bilang ""cheat day"" sekali,
eh jadi ""cheat week""!
"
dietgo.kitchen_1747915696_3638103008514433063_30356002527.jpg,"   

PAS UDAH NIAT
My aN
"
dietgo.kitchen_1747915696_3638103008514582639_30356002527.jpg,"» DiébGO

 

..buka aplikasi delivery
food buat liat-liat doang,
eh checkout beneran.

 

l FT ..udah olahraga
ol 30 menit, terus mikir:
""kayaknya boleh
reward boba, deh.”
"
dietgo.kitchen_1747915696_3638103008506155310_30356002527.jpg,"DIEGGO

ae) | =a YN
TETAP ON TRACK, KOK!
Mulai bareng DietGO:

Meal plan anti ribet
Tips & motivasi harian
Support sistem biar kamu nggak nyasar lagi!

 
"
dietgo.kitchen_1747479635_3634445064342283907_30356002527.jpg,"DIEGGO

ae wc

Ponsa.

 
"
dietgo.kitchen_1747479635_3634445064350554004_30356002527.jpg,"DIEEGO
aN

BREALFEST = LUNCH DINNER

 

Penting untuk kamu menetapkan target yang
realistis. Jangan sampai kamu menerapkan target
mendapatkan penurunan berat badan yang signifikan
dalam waktu singkat, karena kesehatan tubuh
menjadi taruhannya.
"
dietgo.kitchen_1747479635_3634445064384203530_30356002527.jpg,"CLEAN

""& GET LEAN

/EGETABLES. FRUITS

 

Di Leiel- pelalu Apa yang Menjadi I
Selalu mengingat motivasi & tujuan kamu diet itu
penting, karena tetap membuat kamu bersemangat dan
tidak mudah menyerah ketika menghadap rasa bosan
atau hambatan lainnya.
"
dietgo.kitchen_1747117691_3631408853318969809_30356002527.jpg,"DIEGGO

   

4

bbabedibs ope
raw

Available for Online Order Grae

 
"
dietgo.kitchen_1747286656_3632826237951104670_30356002527.jpg,"DiEGGO

4
VOTE SEKARANG!
Menu Favorit Kamu eli

DO EO ke

Sei Ayars +

Lemonilo

 

Available for Online Order

 
"
dietgo.kitchen_1747117691_3631408853302332531_30356002527.jpg,"DIEGGO

SPN
with POTATOES

220.78
kcal

ere
8.99
ish

22.81
Carbs

 

Available for Online Order

 
"
dietgo.kitchen_1747117691_3631408853319081432_30356002527.jpg,"DIEGGO

TSN
with BROWN RICE

351.38
kcal

13.56

Protein

4]
ish

51.31
Carbs

 

Available for Online Order GraaFoo

 
"
dietgo.kitchen_1747117691_3631408853310601005_30356002527.jpg,"DIEGGO

x |
VOTE SEKARANG! G
Menu Favorit Kamu eli

wD Er Oke

Sei Ayarr *

LCemonilo

 

Available for Online Order

 
"
dietgo.kitchen_1747117691_3631408853310657646_30356002527.jpg,"DIEGGO

TSN
with LEMONILO

385.78
kcal

le)

Protein

10.59
ish

54.56
Carbs

 

Available for Online Order

 
"
dietgo.kitchen_1746761713_3628422692900364161_30356002527.jpg,"DIEGGO

GAGAL DIET

KALAU KAMU MASIH LAKUKAN

 

Siete Ola atm el col-tm

 
"
dietgo.kitchen_1746761713_3628422692908654660_30356002527.jpg,"DIEEGO

 

Ngerasa udah jaga makan,
tapi kok timbangan nggak gerak-gerak?
Mungkin kamu masih ngelakuin hal-hal ini nih...

Available for Online Order @ gofood

 
"
dietgo.kitchen_1746761713_3628422692908786587_30356002527.jpg,"DIEGGO

 

KURANG TIDUR
+ SERING STRES

Begadang dan overthinking bikin hormonmu nggak
stabil. Itu bisa bikin kamu craving manis dan susah turun
berat badan. Ingat, istirahat juga bagian dari progress yaa!

 

Available for Online Order Grab!
"
dietgo.kitchen_1746761713_3628422693193986987_30356002527.jpg,"DIEECGO

NGGAK OLAHRAGA
SAMA SEKALI

Kalori masuk udah dikurangin, tapi nggak dibakar?

Yuk mulai dari yang ringan, jalan kaki, yoga, atau 15 menit
workout di rumah. Karena diet tanpa gerak itu...

ya lama banget progress-nya.

 

Available for Online Order
"
dietgo.kitchen_1746761713_3628422692908686721_30356002527.jpg," 

Lapar? Makan sembarangan. Nggak lapar? Skip makan.

Yuk ubah pola makanmu jadi lebih terstruktur dan konsisten.
Kalau bingung, serahkan ke ahlinya aja, DietGO!

Porsi pas, menu sehat, rasa tetap juara.

Available for Online Order

 

fish fy DIETCO WEEKLY
ai CATERING
"
dietgo.kitchen_1746160601_3623380202442840078_30356002527.jpg,"DIEGGO

S re aoe WA me
SOAL DIET GO

 

Available for Online Order

 
"
dietgo.kitchen_1746506211_3626279385839654419_30356002527.jpg,"DIEGGO

YOUR FAVORITE

DIE ya
os

  

ols ee

Chicken Potatoes

 
"
dietgo.kitchen_1746160601_3623380202425949621_30356002527.jpg,"DIEGGO

J***’s review w 5.0
Loved: Great taste, Good hygiene, Proper

packaging, Value for money, and Freshly

made

doi bilang enak banget! jd bikin mood bagus juga,
gapake nunggu lama juga bikin orderannya,
sukses selalu dietgo! @

@ Grilled Chicken with Potatoes

 

DIETGO WEEKLY
CATERING

Available for Online Order

 
"
dietgo.kitchen_1746160601_3623380202434508193_30356002527.jpg,"DIEGGO

nabila febriyanti
Gojek u since 2015

Makan sehat mau enak ya pesen makanan disini!

Sei Ayam Hickory Bowl

Poppy Lestari
Gojek user since 2015

masih segar dan juicy

@ Grilled Dory with Potatoes

 

Available for Online Order

 
"
dietgo.kitchen_1746160601_3623380202786870695_30356002527.jpg,"DIEGGO

G****** A**’s review

Loved: Freshly made, Great taste, Fair
portion, Good hygiene, Proper packaging,
Value for money, and Cutlery

semuanya enak, ngenyangin bgt sampe ga nyadar

kalau ini makanan diet. pas sampe makanan masih
hangat dan cepat datengnya, sepertinya akan
repeat orders

@ Grilled Chicken with Potatoes

 

Available for Online Order

 

DIETGO WEEKLY
CATERING
"
dietgo.kitchen_1740909091_3579327342831305571_30356002527.jpg," 
"
dietgo.kitchen_1740814133_3578530780052098700_30356002527.jpg,"  
     

SAVVY

Ramadan is a time to purify the soul andt
Choose meals that sustain, not just satisfy.

DIEGGO
"
dietgo.kitchen_1736422056_3541687366929093886_30356002527.jpg,"DIEGO

 

 

Available for Online Order Gra’oFood

 

DIETGO WEEKLY
CATERING
"
dietgo.kitchen_1736422056_3541687366954316936_30356002527.jpg,"BINTARO
JI. Puyuh Timur VIILEG 8
Kota Tangerang Selatan

KEMANG

Jl. Pelita No.110 8,
(<0) tO le] cla leS\- ei]

PLUIT

Jl. Pluit Selatan Raya No.86,
Kota Jakarta Utara

DHARMAHUSADA
JI. Dharmahusada Indah II No.D-50,
Kota Surabaya

 
"
dietgo.kitchen_1735784671_3536340593515951377_30356002527.jpg,")(-lrgere)

 

Nove 2025

HAPPY
NEW
YEAR
"
dietgo.kitchen_1732679096_3510289144085956796_30356002527.jpg," 
"
dietgo.kitchen_1732591313_3509552763791841819_30356002527.jpg,"Revolution
ai
Resolution

 
"
dietgo.kitchen_1731729996_3502327513953937165_30356002527.jpg,"   
  
  
 
 
 
 

Kualifikasi

 

1 | | Bersedia bekerja
Minimal pendidik
Jujur, Disiplin, Peket
Memiliki komunikasi yan:
Bersedia ditempatkan
Berdomisili di Jak

aoask WN

 

     

Kirimkan CV
bit.ly/KitchenStaffDiet

  

 

 

 
"
dietgo.kitchen_1731643180_3501599244971548707_30356002527.jpg," 

 
"
dietgo.kitchen_1731643180_3501599245265225272_30356002527.jpg," 
"
dietgo.kitchen_1731474026_3500180279498097133_30356002527.jpg,"DIEEGO

 
      

MITOS ATAU FAKTA

Berhenti ngemil jadi cara diet paling ampuh
untuk menurunkan berat badan?

 

a“ #mitosataufakta
Ce
a.
"
dietgo.kitchen_1731474026_3500180279305078748_30356002527.jpg,"   
  

Mec aaeel berkelanjutan.
m Ll amilan yang sehat dan menjaga
gkan SESE ngemil sepenuhnya

Di

Je) fl dan memberi tubuh nutrisi yang
1gka panjang.
"
dietgo.kitchen_1731129390_3497289265884167220_30356002527.jpg," 

 

1 Saturelay!

FIND US!

“MALMING bersama Ade Rai”

 

DATE & TIME
Saturday, 9 November | 19.00 - 21.00

VENUE
Paragon Community Hub | South Jakarta

  

Dietgo will be present as a Community Partner in
HALZEN X-Talks.

 

 
"
dietgo.kitchen_1730701557_3493700339344710435_30356002527.jpg," 
"
nutribrew.id_1730096196_3488622209089247335_44183044114.jpg," 
  
 
   

— ‘ot . @Nutribrew
HEA THY COFFEE FOR
HEA THII ‘R LIFE

    
"
dietgo.kitchen_1729230778_3481362551630765117_30356002527.jpg," 
"
yukmakan.bandung_1728808461_3477819902508270842_492456196.jpg," 

sae 1a) | es

| i ~
a @ & &
T= V Gt) een 1-7)?
F ; ye

\
caijuli MY peaeire teet. F ae fa
pester rar tenes Bae oe Hineres

. =

:

& ee — |
NUTRITIOUS Tar Ba B
ODS. We =

 
"
yukmakan.bandung_1728808461_3477819902524980931_492456196.jpg," 
"
yukmakan.bandung_1728808461_3477819902868924067_492456196.jpg," 

)
Zz
S
a
z
=e
ia
Es
ke
=
4
5

 

 
"
yukmakan.bandung_1728808461_3477819903003094827_492456196.jpg," 
"
yukmakan.bandung_1728808461_3477819902743113624_492456196.jpg,"   
 

   

CARSSScg

 
"
yukmakan.bandung_1728808461_3477819902826933622_492456196.jpg," 
"
yukmakan.bandung_1728808461_3477819902524939115_492456196.jpg,
yukmakan.bandung_1728808461_3477819902524961500_492456196.jpg," 

 
"
yukmakan.bandung_1728808461_3477819902894159076_492456196.jpg," 

 

 

 

 
"
dietgo.kitchen_1728448157_3474797449389633441_30356002527.jpg,"DIET GO Buy 1Get 1

Promo Twin Date

Nikmati buy 1 get 1 Dietgo dengan
pembelian di Platform Online, berlaku hanya
tanggal 10 Oktober 2024!

BUY cay

ONE ° ONE

DIEGGO
Twin Date
"
dietgo.kitchen_1728448157_3474797449532346901_30356002527.jpg," 
"
dietgo.kitchen_1728448157_3474797449389549263_30356002527.jpg,"Cara menikmati Promo 10.10

< Diet Go 2 VP

Terkait Terdekat Terlaris Rating Flash Sale Rekomendasi_ DOUBLEMIX! 1

Base’ 4 226200 Rp30.300

Dietgo Kitchen - Antapani ROUBLE MRL

Salad Wraps with Mixed
Vegetables & Grilled Chicken wit...

1 terjual

985.000 Rp72.250

Sei Sapi with Brown Rice & Sei
Ayam with Brown Rice

2996500 Rp82.050

Roasted Chicken with Brown Rice
& Chicken Steak with Brown Rice

2terjual

p101.500 RpBE.300

sted Chicken with Brown Rice

2
DEA, *049500 Rpaa.550

 

Ketik Dietgo dan klik outlet Pilih menu pilihan Buy 1
terdekat dari tempat kamu Get 1, lalu check out dan
berada. bayar!

 

5) dietgo.co.id (+62) 823-2408-7761

 
"
dietgo.kitchen_1727853545_3469809488625615024_30356002527.jpg,"  
  

   

h your limit this October. ”
r health is your wealth.
"
dietgo.kitchen_1727245986_3464712910537666364_30356002527.jpg,"healfit

DIEGGO

LNs
HIRING

JOIN OUR TEAM!

INTERN - TALENT [CONTENT CREATOR]

¢ Plan and Concept Content

* Confident on The Camera

* Bandung-Based

+ Have an Editing Skills Preferred

SEND YOUR CV AT

APPLY NOW!
bit.ly/MagangTalentHealfit

healfit.com dietgo.co.id
"
dietgo.kitchen_1726536959_3458765161719706399_30356002527.jpg,"MAULID AL-NABI 1446 H

 
"
dietgo.kitchen_1725329857_3448639254539365417_30356002527.jpg," 
"
dietgo.kitchen_1725329857_3448639254539415094_30356002527.jpg,"Cara menggunakan Voucher atau Diskon

ee
a ut

se

Rasa enak s ‘Y ie 2 5 ®
terjangkau

Dise. Rame Dessert Deals Work From
cafe

Get more for less
Ad Lotek Nya

 

Buka aplikasi Grab, masuk ke
halaman FOOD, dan pilih Dine Pilih Koleksi Paris Van Java

Out deals
"
dietgo.kitchen_1725329857_3448639254589684754_30356002527.jpg,"GraoFood sie Deve)

Lebih Hemat

Pakai Voucher atau Diskon Langsung di Resto
PARIS VAN JAVA

DISKON S.D. DISKON S.D.
| 0 eee 42) 0
@ (rb)

Grae Food Dapatkan Sekarang!
Dine Out

 

    
"
